# Tab-separated: addr	mode	name
# Imported from csm3 address-bearing assembly labels.
0x08000000	arm	rom_header_start_vector
0x080000C0	arm	crt0_start
0x08000D98	thumb	sub_08000D98
0x08000E20	thumb	sub_08000E20
0x08000F9C	thumb	sub_08000F9C
0x08001120	thumb	sub_08001120
0x08001140	thumb	sub_08001140
0x080011F8	thumb	sub_080011F8
0x08001284	thumb	sub_08001284
0x080012D4	thumb	sub_080012D4
0x080012E0	thumb	sub_080012E0
0x08001314	thumb	sub_08001314
0x08001444	thumb	sub_08001444
0x08001488	thumb	sub_08001488
0x080014C0	thumb	sub_080014C0
0x08001F14	thumb	sub_08001F14
0x080020A8	thumb	sub_080020A8
0x080022B4	thumb	sub_080022B4
0x08002388	thumb	sub_08002388
0x080026CC	thumb	sub_080026CC
0x08002A64	thumb	sub_08002A64
0x08002CB4	thumb	sub_08002CB4
0x080031E8	thumb	sub_080031E8
0x0800348C	thumb	sub_0800348C
0x0800350C	thumb	sub_0800350C
0x08003620	thumb	sub_08003620
0x08003664	thumb	sub_08003664
0x080036C4	thumb	sub_080036C4
0x080036F8	thumb	sub_080036F8
0x0800379C	thumb	sub_0800379C
0x08003840	thumb	sub_08003840
0x0800393C	thumb	sub_0800393C
0x08003A20	thumb	sub_08003A20
0x08003B9C	thumb	sub_08003B9C
0x08003BA8	thumb	sub_08003BA8
0x08003BC0	thumb	sub_08003BC0
0x08003EB4	thumb	sub_08003EB4
0x08003EB8	thumb	sub_08003EB8
0x080041C4	thumb	sub_080041C4
0x080041C8	thumb	sub_080041C8
0x080043E4	thumb	sub_080043E4
0x080044B0	thumb	sub_080044B0
0x080044E4	thumb	sub_080044E4
0x080046A8	thumb	sub_080046A8
0x080046D8	thumb	sub_080046D8
0x080046F8	thumb	sub_080046F8
0x0800471C	thumb	sub_0800471C
0x08004744	thumb	sub_08004744
0x0800476C	thumb	sub_0800476C
0x0800479C	thumb	sub_0800479C
0x080047C4	thumb	sub_080047C4
0x080047E8	thumb	sub_080047E8
0x0800480C	thumb	sub_0800480C
0x08004828	thumb	sub_08004828
0x08004840	thumb	sub_08004840
0x0800485C	thumb	sub_0800485C
0x08004878	thumb	sub_08004878
0x08004894	thumb	sub_08004894
0x080048B0	thumb	sub_080048B0
0x080048CC	thumb	sub_080048CC
0x08004910	thumb	sub_08004910
0x0800493C	thumb	sub_0800493C
0x080049B8	thumb	sub_080049B8
0x08004A34	thumb	sub_08004A34
0x08004A4C	thumb	sub_08004A4C
0x08004A60	thumb	sub_08004A60
0x08004A78	thumb	sub_08004A78
0x08004A8C	thumb	sub_08004A8C
0x08004B30	thumb	sub_08004B30
0x08004D6C	thumb	sub_08004D6C
0x08004EB8	thumb	sub_08004EB8
0x08005114	thumb	sub_08005114
0x0800549C	thumb	sub_0800549C
0x08005560	thumb	sub_08005560
0x08005648	thumb	sub_08005648
0x080057E4	thumb	sub_080057E4
0x080059A0	thumb	sub_080059A0
0x08005B5C	thumb	sub_08005B5C
0x08005B9C	thumb	sub_08005B9C
0x08005C14	thumb	sub_08005C14
0x08005CF4	thumb	sub_08005CF4
0x08005D6C	thumb	sub_08005D6C
0x08005E18	thumb	sub_08005E18
0x08005F14	thumb	sub_08005F14
0x0800600C	thumb	sub_0800600C
0x08006150	thumb	sub_08006150
0x080061FC	thumb	sub_080061FC
0x08006210	thumb	sub_08006210
0x08006270	thumb	sub_08006270
0x080062C0	thumb	sub_080062C0
0x080062E0	thumb	sub_080062E0
0x08006308	thumb	sub_08006308
0x08006340	thumb	sub_08006340
0x08006368	thumb	sub_08006368
0x08006394	thumb	sub_08006394
0x080063BC	thumb	sub_080063BC
0x080063E0	thumb	sub_080063E0
0x080063FC	thumb	sub_080063FC
0x0800644C	thumb	sub_0800644C
0x0800645C	thumb	sub_0800645C
0x080064B0	thumb	sub_080064B0
0x08006590	thumb	sub_08006590
0x080065DC	thumb	sub_080065DC
0x08006790	thumb	sub_08006790
0x080068A4	thumb	sub_080068A4
0x080069B8	thumb	sub_080069B8
0x08006A04	thumb	sub_08006A04
0x08006A3C	thumb	sub_08006A3C
0x08006A48	thumb	sub_08006A48
0x08006A54	thumb	sub_08006A54
0x08006A60	thumb	sub_08006A60
0x08006AA4	thumb	sub_08006AA4
0x08006AB8	thumb	sub_08006AB8
0x08006BA4	thumb	sub_08006BA4
0x08006C10	thumb	sub_08006C10
0x08006C1C	thumb	sub_08006C1C
0x08006C28	thumb	sub_08006C28
0x08006C48	thumb	sub_08006C48
0x08006CA4	thumb	sub_08006CA4
0x08006D3C	thumb	sub_08006D3C
0x080070F8	thumb	sub_080070F8
0x08007128	thumb	sub_08007128
0x08007150	thumb	sub_08007150
0x08007194	thumb	sub_08007194
0x080071A0	thumb	sub_080071A0
0x080071F8	thumb	sub_080071F8
0x080072F8	thumb	sub_080072F8
0x080076B0	thumb	sub_080076B0
0x08007958	thumb	sub_08007958
0x080079E0	thumb	sub_080079E0
0x08007A58	thumb	sub_08007A58
0x08008478	thumb	sub_08008478
0x080085CC	thumb	sub_080085CC
0x08008670	thumb	sub_08008670
0x0800886C	thumb	sub_0800886C
0x08008A94	thumb	sub_08008A94
0x08008ADC	thumb	sub_08008ADC
0x08008B3C	thumb	sub_08008B3C
0x08008B94	thumb	sub_08008B94
0x08008C14	thumb	sub_08008C14
0x08008C34	thumb	sub_08008C34
0x08008CB4	thumb	sub_08008CB4
0x08008D18	thumb	sub_08008D18
0x08008D30	thumb	sub_08008D30
0x08008D50	thumb	sub_08008D50
0x08008D6C	thumb	sub_08008D6C
0x08008D84	thumb	sub_08008D84
0x08008DA0	thumb	sub_08008DA0
0x08008DB8	thumb	sub_08008DB8
0x08008E00	thumb	sub_08008E00
0x08008E34	thumb	sub_08008E34
0x08008E4C	thumb	sub_08008E4C
0x08008E64	thumb	sub_08008E64
0x08008E7C	thumb	sub_08008E7C
0x08008E94	thumb	sub_08008E94
0x08008EB4	thumb	sub_08008EB4
0x08008EF4	thumb	sub_08008EF4
0x08008F18	thumb	sub_08008F18
0x08008F30	thumb	sub_08008F30
0x08008FC0	thumb	sub_08008FC0
0x0800901C	thumb	sub_0800901C
0x08009108	thumb	sub_08009108
0x080091C4	thumb	sub_080091C4
0x08009684	thumb	sub_08009684
0x08009704	thumb	sub_08009704
0x08009714	thumb	sub_08009714
0x08009840	thumb	sub_08009840
0x08009F0C	thumb	sub_08009F0C
0x08009F50	thumb	sub_08009F50
0x08009FF8	thumb	sub_08009FF8
0x0800A0EC	thumb	sub_0800A0EC
0x0800A15C	thumb	sub_0800A15C
0x0800A204	thumb	sub_0800A204
0x0800A2C4	thumb	sub_0800A2C4
0x0800A3EC	thumb	sub_0800A3EC
0x0800A4D0	thumb	sub_0800A4D0
0x0800A5BC	thumb	sub_0800A5BC
0x0800A5E8	thumb	sub_0800A5E8
0x0800A5F4	thumb	sub_0800A5F4
0x0800A630	thumb	sub_0800A630
0x0800A678	thumb	sub_0800A678
0x0800A680	thumb	sub_0800A680
0x0800A6C0	thumb	sub_0800A6C0
0x0800A6C4	thumb	sub_0800A6C4
0x0800A6CC	thumb	sub_0800A6CC
0x0800A6D0	thumb	sub_0800A6D0
0x0800A6F0	thumb	sub_0800A6F0
0x0800A728	thumb	sub_0800A728
0x0800A72C	thumb	sub_0800A72C
0x0800A74C	thumb	sub_0800A74C
0x0800A770	thumb	sub_0800A770
0x0800A778	thumb	sub_0800A778
0x0800A7A0	thumb	sub_0800A7A0
0x0800A7B8	thumb	sub_0800A7B8
0x0800A7D0	thumb	sub_0800A7D0
0x0800A7DC	thumb	sub_0800A7DC
0x0800A80C	thumb	sub_0800A80C
0x0800A810	thumb	sub_0800A810
0x0800A814	thumb	sub_0800A814
0x0800A81C	thumb	sub_0800A81C
0x0800A824	thumb	sub_0800A824
0x0800A888	thumb	sub_0800A888
0x0800A89C	thumb	sub_0800A89C
0x0800A8A4	thumb	sub_0800A8A4
0x0800AF74	thumb	sub_0800AF74
0x0800B130	thumb	sub_0800B130
0x0800B1AC	thumb	sub_0800B1AC
0x0800B31C	thumb	sub_0800B31C
0x0800B474	thumb	sub_0800B474
0x0800B4E4	thumb	sub_0800B4E4
0x0800B57C	thumb	sub_0800B57C
0x0800B618	thumb	sub_0800B618
0x0800B730	thumb	sub_0800B730
0x0800B8F4	thumb	sub_0800B8F4
0x0800C2C4	thumb	sub_0800C2C4
0x0800C38C	thumb	sub_0800C38C
0x0800C614	thumb	sub_0800C614
0x0800CA2C	thumb	sub_0800CA2C
0x0800CB94	thumb	sub_0800CB94
0x0800CC28	thumb	sub_0800CC28
0x0800CD74	thumb	sub_0800CD74
0x0800CEFC	thumb	sub_0800CEFC
0x0800CF84	thumb	sub_0800CF84
0x0800CFF8	thumb	sub_0800CFF8
0x0800D084	thumb	sub_0800D084
0x0800D0DC	thumb	sub_0800D0DC
0x0800D150	thumb	sub_0800D150
0x0800D1B0	thumb	sub_0800D1B0
0x0800D204	thumb	sub_0800D204
0x0800D36C	thumb	sub_0800D36C
0x0800D5D0	thumb	sub_0800D5D0
0x0800D81C	thumb	sub_0800D81C
0x0800D904	thumb	sub_0800D904
0x0800DAA8	thumb	sub_0800DAA8
0x0800DB1C	thumb	sub_0800DB1C
0x0800E048	thumb	sub_0800E048
0x0800E0A4	thumb	sub_0800E0A4
0x0800E23C	thumb	sub_0800E23C
0x0800E40C	thumb	sub_0800E40C
0x0800E690	thumb	sub_0800E690
0x0800E6B0	thumb	sub_0800E6B0
0x0800E6D0	thumb	sub_0800E6D0
0x0800E6F0	thumb	sub_0800E6F0
0x0800E714	thumb	sub_0800E714
0x0800E728	thumb	sub_0800E728
0x0800E74C	thumb	sub_0800E74C
0x0800E764	thumb	sub_0800E764
0x0800E77C	thumb	sub_0800E77C
0x0800E7E0	thumb	sub_0800E7E0
0x0800E804	thumb	sub_0800E804
0x0800E818	thumb	sub_0800E818
0x0800E82C	thumb	sub_0800E82C
0x0800E844	thumb	sub_0800E844
0x0800E858	thumb	sub_0800E858
0x0800E878	thumb	sub_0800E878
0x0800E898	thumb	sub_0800E898
0x0800E8B4	thumb	sub_0800E8B4
0x0800E90C	thumb	sub_0800E90C
0x0800E918	thumb	sub_0800E918
0x0800E948	thumb	sub_0800E948
0x0800E960	thumb	sub_0800E960
0x0800E988	thumb	sub_0800E988
0x0800E9BC	thumb	sub_0800E9BC
0x0800E9D0	thumb	sub_0800E9D0
0x0800E9DC	thumb	sub_0800E9DC
0x0800EA54	thumb	sub_0800EA54
0x0800EA70	thumb	sub_0800EA70
0x0800EA90	thumb	sub_0800EA90
0x0800EAAC	thumb	sub_0800EAAC
0x0800EADC	thumb	sub_0800EADC
0x0800EAF4	thumb	sub_0800EAF4
0x0800EB0C	thumb	sub_0800EB0C
0x0800EB24	thumb	sub_0800EB24
0x0800EB3C	thumb	sub_0800EB3C
0x0800EB54	thumb	sub_0800EB54
0x0800EB88	thumb	sub_0800EB88
0x0800EC00	thumb	sub_0800EC00
0x0800EC18	thumb	sub_0800EC18
0x0800EC34	thumb	sub_0800EC34
0x0800EC64	thumb	sub_0800EC64
0x0800ECAC	thumb	sub_0800ECAC
0x0800ECF0	thumb	sub_0800ECF0
0x0800ECFC	thumb	sub_0800ECFC
0x0800ED08	thumb	sub_0800ED08
0x0800ED14	thumb	sub_0800ED14
0x0800ED38	thumb	sub_0800ED38
0x0800ED48	thumb	sub_0800ED48
0x0800ED6C	thumb	sub_0800ED6C
0x0800ED78	thumb	sub_0800ED78
0x0800EDE8	thumb	sub_0800EDE8
0x0800EE14	thumb	sub_0800EE14
0x0800EE30	thumb	sub_0800EE30
0x0800EE5C	thumb	sub_0800EE5C
0x0800EE88	thumb	sub_0800EE88
0x0800EED4	thumb	sub_0800EED4
0x0800EF08	thumb	sub_0800EF08
0x0800F034	thumb	sub_0800F034
0x0800F064	thumb	sub_0800F064
0x0800F094	thumb	sub_0800F094
0x0800F224	thumb	sub_0800F224
0x0800F2CC	thumb	sub_0800F2CC
0x0800F97C	thumb	sub_0800F97C
0x08010040	thumb	sub_08010040
0x080100C0	thumb	sub_080100C0
0x0801015C	thumb	sub_0801015C
0x08010218	thumb	sub_08010218
0x08010484	thumb	sub_08010484
0x0801060C	thumb	sub_0801060C
0x08010794	thumb	sub_08010794
0x08010890	thumb	sub_08010890
0x0801098C	thumb	sub_0801098C
0x08010AD8	thumb	sub_08010AD8
0x08010BB0	thumb	sub_08010BB0
0x08010C04	thumb	sub_08010C04
0x08010C6C	thumb	sub_08010C6C
0x08010CD4	thumb	sub_08010CD4
0x08010D0C	thumb	sub_08010D0C
0x08010D2C	thumb	sub_08010D2C
0x08010D40	thumb	sub_08010D40
0x08010D54	thumb	sub_08010D54
0x08010D68	thumb	sub_08010D68
0x08010DF4	thumb	sub_08010DF4
0x08010E00	thumb	sub_08010E00
0x08010E1C	thumb	sub_08010E1C
0x08010EA8	thumb	sub_08010EA8
0x08010EB4	thumb	sub_08010EB4
0x08010ED0	thumb	sub_08010ED0
0x08010F14	thumb	sub_08010F14
0x08010F38	thumb	sub_08010F38
0x08010F5C	thumb	sub_08010F5C
0x08010F80	thumb	sub_08010F80
0x08010F90	thumb	sub_08010F90
0x08010FA4	thumb	sub_08010FA4
0x08010FB4	thumb	sub_08010FB4
0x08010FC8	thumb	sub_08010FC8
0x08010FFC	thumb	sub_08010FFC
0x08011024	thumb	sub_08011024
0x08011040	thumb	sub_08011040
0x08011064	thumb	sub_08011064
0x08011088	thumb	sub_08011088
0x080110A0	thumb	sub_080110A0
0x080110D4	thumb	sub_080110D4
0x080110EC	thumb	sub_080110EC
0x08011104	thumb	sub_08011104
0x08011144	thumb	sub_08011144
0x0801115C	thumb	sub_0801115C
0x08011174	thumb	sub_08011174
0x080111B0	thumb	sub_080111B0
0x080111D8	thumb	sub_080111D8
0x080111FC	thumb	sub_080111FC
0x08011248	thumb	sub_08011248
0x08011260	thumb	sub_08011260
0x08011278	thumb	sub_08011278
0x080112A8	thumb	sub_080112A8
0x080112E8	thumb	sub_080112E8
0x08011328	thumb	sub_08011328
0x08011340	thumb	sub_08011340
0x08011358	thumb	sub_08011358
0x08011370	thumb	sub_08011370
0x080113A0	thumb	sub_080113A0
0x080113D4	thumb	sub_080113D4
0x080113E4	thumb	sub_080113E4
0x08011424	thumb	sub_08011424
0x08011440	thumb	sub_08011440
0x0801145C	thumb	sub_0801145C
0x0801148C	thumb	sub_0801148C
0x0801149C	thumb	sub_0801149C
0x080114AC	thumb	sub_080114AC
0x080114D8	thumb	sub_080114D8
0x08011510	thumb	sub_08011510
0x08011560	thumb	sub_08011560
0x080115C0	thumb	sub_080115C0
0x08011610	thumb	sub_08011610
0x08011674	thumb	sub_08011674
0x080116A8	thumb	sub_080116A8
0x080116EC	thumb	sub_080116EC
0x08011750	thumb	sub_08011750
0x08011798	thumb	sub_08011798
0x0801182C	thumb	sub_0801182C
0x08011894	thumb	sub_08011894
0x080118BC	thumb	sub_080118BC
0x080118F0	thumb	sub_080118F0
0x08011928	thumb	sub_08011928
0x08011970	thumb	sub_08011970
0x080119D0	thumb	sub_080119D0
0x08011AA8	thumb	sub_08011AA8
0x08011AF4	thumb	sub_08011AF4
0x08011B1C	thumb	sub_08011B1C
0x08011F54	thumb	sub_08011F54
0x08011FF8	thumb	sub_08011FF8
0x080120A0	thumb	sub_080120A0
0x08012150	thumb	sub_08012150
0x0801220C	thumb	sub_0801220C
0x080122CC	thumb	sub_080122CC
0x08012328	thumb	sub_08012328
0x08012394	thumb	sub_08012394
0x080123E4	thumb	sub_080123E4
0x08012454	thumb	sub_08012454
0x08012578	thumb	sub_08012578
0x080127E4	thumb	sub_080127E4
0x08012840	thumb	sub_08012840
0x080128BC	thumb	sub_080128BC
0x080129B0	thumb	sub_080129B0
0x080129EC	thumb	sub_080129EC
0x08012A94	thumb	sub_08012A94
0x08012B60	thumb	sub_08012B60
0x08012BA4	thumb	sub_08012BA4
0x080132CC	thumb	sub_080132CC
0x080134FC	thumb	sub_080134FC
0x080135C0	thumb	sub_080135C0
0x080135E8	thumb	sub_080135E8
0x08013630	thumb	sub_08013630
0x08013644	thumb	sub_08013644
0x0801369C	thumb	sub_0801369C
0x080136BC	thumb	sub_080136BC
0x080136CC	thumb	sub_080136CC
0x080137C0	thumb	sub_080137C0
0x080138D4	thumb	sub_080138D4
0x080139E8	thumb	sub_080139E8
0x08013A78	thumb	sub_08013A78
0x080140F4	thumb	sub_080140F4
0x080141D0	thumb	sub_080141D0
0x0801426C	thumb	sub_0801426C
0x080142B4	thumb	sub_080142B4
0x080143A8	thumb	sub_080143A8
0x08014440	thumb	sub_08014440
0x0801444C	thumb	sub_0801444C
0x080144B4	thumb	sub_080144B4
0x080144C0	thumb	sub_080144C0
0x080144CC	thumb	sub_080144CC
0x080144D8	thumb	sub_080144D8
0x08014508	thumb	sub_08014508
0x08014544	thumb	sub_08014544
0x0801457C	thumb	sub_0801457C
0x080145BC	thumb	sub_080145BC
0x080145E8	thumb	sub_080145E8
0x08014614	thumb	sub_08014614
0x08014640	thumb	sub_08014640
0x0801464C	thumb	sub_0801464C
0x0801465C	thumb	sub_0801465C
0x080146B0	thumb	sub_080146B0
0x080146F4	thumb	sub_080146F4
0x08014700	thumb	sub_08014700
0x0801470C	thumb	sub_0801470C
0x080147B8	thumb	sub_080147B8
0x080147DC	thumb	sub_080147DC
0x08014814	thumb	sub_08014814
0x08014820	thumb	sub_08014820
0x0801482C	thumb	sub_0801482C
0x08014838	thumb	sub_08014838
0x08014848	thumb	sub_08014848
0x080148F0	thumb	sub_080148F0
0x08014970	thumb	sub_08014970
0x080149C4	thumb	sub_080149C4
0x080149F0	thumb	sub_080149F0
0x08014A18	thumb	sub_08014A18
0x08014A48	thumb	sub_08014A48
0x08014A78	thumb	sub_08014A78
0x08014AE4	thumb	sub_08014AE4
0x08014B1C	thumb	sub_08014B1C
0x08014B58	thumb	sub_08014B58
0x08014B8C	thumb	sub_08014B8C
0x08014C00	thumb	sub_08014C00
0x08014C80	thumb	sub_08014C80
0x08014CB4	thumb	sub_08014CB4
0x08014CD4	thumb	sub_08014CD4
0x08014CF8	thumb	sub_08014CF8
0x08014D04	thumb	sub_08014D04
0x08014D08	thumb	sub_08014D08
0x08014D34	thumb	sub_08014D34
0x08014E68	thumb	sub_08014E68
0x08014EE4	thumb	sub_08014EE4
0x080150C4	thumb	sub_080150C4
0x08015120	thumb	sub_08015120
0x08015134	thumb	sub_08015134
0x080151E4	thumb	sub_080151E4
0x080151F0	thumb	sub_080151F0
0x08015204	thumb	sub_08015204
0x08015224	thumb	sub_08015224
0x08015248	thumb	sub_08015248
0x08015278	thumb	sub_08015278
0x08015334	thumb	sub_08015334
0x08015348	thumb	sub_08015348
0x08015354	thumb	sub_08015354
0x08015398	thumb	sub_08015398
0x0801544C	thumb	sub_0801544C
0x08015460	thumb	sub_08015460
0x08015470	thumb	sub_08015470
0x080154F0	thumb	sub_080154F0
0x080156C4	thumb	sub_080156C4
0x08015788	thumb	sub_08015788
0x08015854	thumb	sub_08015854
0x08015918	thumb	sub_08015918
0x080159E0	thumb	sub_080159E0
0x08015A28	thumb	sub_08015A28
0x08015AA4	thumb	sub_08015AA4
0x08015D34	thumb	sub_08015D34
0x08015E3C	thumb	sub_08015E3C
0x08016070	thumb	sub_08016070
0x080160F8	thumb	sub_080160F8
0x08016264	thumb	sub_08016264
0x080162BC	thumb	sub_080162BC
0x08016328	thumb	sub_08016328
0x08016394	thumb	sub_08016394
0x080163EC	thumb	sub_080163EC
0x0801644C	thumb	sub_0801644C
0x080165E0	thumb	sub_080165E0
0x08016724	thumb	sub_08016724
0x08016928	thumb	sub_08016928
0x080169B0	thumb	sub_080169B0
0x08016A5C	thumb	sub_08016A5C
0x08016ABC	thumb	sub_08016ABC
0x08016B68	thumb	sub_08016B68
0x08016BF0	thumb	sub_08016BF0
0x08016C78	thumb	sub_08016C78
0x08016CD8	thumb	sub_08016CD8
0x08016D38	thumb	sub_08016D38
0x08016D98	thumb	sub_08016D98
0x08016DF8	thumb	sub_08016DF8
0x08016E58	thumb	sub_08016E58
0x08016EBC	thumb	sub_08016EBC
0x08016F3C	thumb	sub_08016F3C
0x0801701C	thumb	sub_0801701C
0x08017174	thumb	sub_08017174
0x080174A0	thumb	sub_080174A0
0x08017510	thumb	sub_08017510
0x080175C8	thumb	sub_080175C8
0x08017630	thumb	sub_08017630
0x080176B4	thumb	sub_080176B4
0x0801775C	thumb	sub_0801775C
0x080177B0	thumb	sub_080177B0
0x08017854	thumb	sub_08017854
0x080178C4	thumb	sub_080178C4
0x0801793C	thumb	sub_0801793C
0x080179E4	thumb	sub_080179E4
0x08017A84	thumb	sub_08017A84
0x08019064	thumb	sub_08019064
0x08019084	thumb	sub_08019084
0x080190A4	thumb	sub_080190A4
0x080190C0	thumb	sub_080190C0
0x080190E0	thumb	sub_080190E0
0x08019100	thumb	sub_08019100
0x08019118	thumb	sub_08019118
0x08019130	thumb	sub_08019130
0x08019148	thumb	sub_08019148
0x08019160	thumb	sub_08019160
0x08019178	thumb	sub_08019178
0x08019194	thumb	sub_08019194
0x080191B0	thumb	sub_080191B0
0x080191CC	thumb	sub_080191CC
0x080191E4	thumb	sub_080191E4
0x08019278	thumb	sub_08019278
0x08019304	thumb	sub_08019304
0x08019334	thumb	sub_08019334
0x08019380	thumb	sub_08019380
0x080193A0	thumb	sub_080193A0
0x080193B0	thumb	sub_080193B0
0x080193C0	thumb	sub_080193C0
0x080193D8	thumb	sub_080193D8
0x08019448	thumb	sub_08019448
0x08019498	thumb	sub_08019498
0x0801953C	thumb	sub_0801953C
0x0801956C	thumb	sub_0801956C
0x080195A4	thumb	sub_080195A4
0x080195DC	thumb	sub_080195DC
0x08019614	thumb	sub_08019614
0x0801964C	thumb	sub_0801964C
0x08019688	thumb	sub_08019688
0x08019734	thumb	sub_08019734
0x0801978C	thumb	sub_0801978C
0x080197B8	thumb	sub_080197B8
0x08019818	thumb	sub_08019818
0x08019830	thumb	sub_08019830
0x08019844	thumb	sub_08019844
0x0801987C	thumb	sub_0801987C
0x08019898	thumb	sub_08019898
0x080198FC	thumb	sub_080198FC
0x08019944	thumb	sub_08019944
0x080199C0	thumb	sub_080199C0
0x08019A94	thumb	sub_08019A94
0x0801A2CC	thumb	sub_0801A2CC
0x0801A3C4	thumb	sub_0801A3C4
0x0801A4CC	thumb	sub_0801A4CC
0x0801B10C	thumb	sub_0801B10C
0x0801B44C	thumb	sub_0801B44C
0x0801B4D8	thumb	sub_0801B4D8
0x0801B6E0	thumb	sub_0801B6E0
0x0801B804	thumb	sub_0801B804
0x0801B8E8	thumb	sub_0801B8E8
0x0801B960	thumb	sub_0801B960
0x0801B9BC	thumb	sub_0801B9BC
0x0801B9EC	thumb	sub_0801B9EC
0x0801B9FC	thumb	sub_0801B9FC
0x0801BA48	thumb	sub_0801BA48
0x0801BA54	thumb	sub_0801BA54
0x0801BA7C	thumb	sub_0801BA7C
0x0801BA94	thumb	sub_0801BA94
0x0801BAAC	thumb	sub_0801BAAC
0x0801BAC0	thumb	sub_0801BAC0
0x0801BAD8	thumb	sub_0801BAD8
0x0801BB00	thumb	sub_0801BB00
0x0801BB14	thumb	sub_0801BB14
0x0801BB28	thumb	sub_0801BB28
0x0801BB3C	thumb	sub_0801BB3C
0x0801BB50	thumb	sub_0801BB50
0x0801BB64	thumb	sub_0801BB64
0x0801BB7C	thumb	sub_0801BB7C
0x0801BB90	thumb	sub_0801BB90
0x0801BBA4	thumb	sub_0801BBA4
0x0801BBB8	thumb	sub_0801BBB8
0x0801BCC4	thumb	sub_0801BCC4
0x0801BCF4	thumb	sub_0801BCF4
0x0801BD48	thumb	sub_0801BD48
0x0801BD70	thumb	sub_0801BD70
0x0801BE5C	thumb	sub_0801BE5C
0x0801BE74	thumb	sub_0801BE74
0x0801BE8C	thumb	sub_0801BE8C
0x0801C098	thumb	sub_0801C098
0x0801C124	thumb	sub_0801C124
0x0801C328	thumb	sub_0801C328
0x0801C650	thumb	sub_0801C650
0x0801C788	thumb	sub_0801C788
0x0801C86C	thumb	sub_0801C86C
0x0801C964	thumb	sub_0801C964
0x0801CA80	thumb	sub_0801CA80
0x0801CBBC	thumb	sub_0801CBBC
0x0801CCA0	thumb	sub_0801CCA0
0x0801CD6C	thumb	sub_0801CD6C
0x0801CE88	thumb	sub_0801CE88
0x0801D030	thumb	sub_0801D030
0x0801D18C	thumb	sub_0801D18C
0x0801D258	thumb	sub_0801D258
0x0801D328	thumb	sub_0801D328
0x0801D418	thumb	sub_0801D418
0x0801D4DC	thumb	sub_0801D4DC
0x0801D8B8	thumb	sub_0801D8B8
0x0801D9B4	thumb	sub_0801D9B4
0x0801DC2C	thumb	sub_0801DC2C
0x0801E0FC	thumb	sub_0801E0FC
0x0801E214	thumb	sub_0801E214
0x0801E350	thumb	sub_0801E350
0x0801E478	thumb	sub_0801E478
0x0801E5C0	thumb	sub_0801E5C0
0x0801E69C	thumb	sub_0801E69C
0x0801E778	thumb	sub_0801E778
0x0801E8C4	thumb	sub_0801E8C4
0x0801EAD4	thumb	sub_0801EAD4
0x0801EC68	thumb	sub_0801EC68
0x0801EEA4	thumb	sub_0801EEA4
0x0801F0C4	thumb	sub_0801F0C4
0x0801F190	thumb	sub_0801F190
0x0801F384	thumb	sub_0801F384
0x0801F4F0	thumb	sub_0801F4F0
0x0801F758	thumb	sub_0801F758
0x0801F890	thumb	sub_0801F890
0x0801FA78	thumb	sub_0801FA78
0x0801FCE4	thumb	sub_0801FCE4
0x0801FD68	thumb	sub_0801FD68
0x0801FE5C	thumb	sub_0801FE5C
0x0801FFA8	thumb	sub_0801FFA8
0x08020660	thumb	sub_08020660
0x08020750	thumb	sub_08020750
0x08020910	thumb	sub_08020910
0x080209F8	thumb	sub_080209F8
0x08020ADC	thumb	sub_08020ADC
0x08020C58	thumb	sub_08020C58
0x08020D80	thumb	sub_08020D80
0x08021038	thumb	sub_08021038
0x0802174C	thumb	sub_0802174C
0x080218F0	thumb	sub_080218F0
0x08021A6C	thumb	sub_08021A6C
0x08021B40	thumb	sub_08021B40
0x08021F74	thumb	sub_08021F74
0x08022170	thumb	sub_08022170
0x080223CC	thumb	sub_080223CC
0x080224D8	thumb	sub_080224D8
0x08022688	thumb	sub_08022688
0x08022764	thumb	sub_08022764
0x08022890	thumb	sub_08022890
0x08022A08	thumb	sub_08022A08
0x08022D90	thumb	sub_08022D90
0x08022F04	thumb	sub_08022F04
0x08023068	thumb	sub_08023068
0x08023218	thumb	sub_08023218
0x08023368	thumb	sub_08023368
0x080233FC	thumb	sub_080233FC
0x08023510	thumb	sub_08023510
0x0802365C	thumb	sub_0802365C
0x08023874	thumb	sub_08023874
0x080239D8	thumb	sub_080239D8
0x08023E6C	thumb	sub_08023E6C
0x08023F08	thumb	sub_08023F08
0x08024060	thumb	sub_08024060
0x080241E0	thumb	sub_080241E0
0x080242F8	thumb	sub_080242F8
0x08024788	thumb	sub_08024788
0x080248A8	thumb	sub_080248A8
0x08024FAC	thumb	sub_08024FAC
0x08025078	thumb	sub_08025078
0x080252C8	thumb	sub_080252C8
0x08025368	thumb	sub_08025368
0x080253F0	thumb	sub_080253F0
0x080254F0	thumb	sub_080254F0
0x080255A8	thumb	sub_080255A8
0x0802568C	thumb	sub_0802568C
0x080257FC	thumb	sub_080257FC
0x08025820	thumb	sub_08025820
0x08025838	thumb	sub_08025838
0x08025880	thumb	sub_08025880
0x080258B8	thumb	sub_080258B8
0x080258E8	thumb	sub_080258E8
0x0802591C	thumb	sub_0802591C
0x080259DC	thumb	sub_080259DC
0x08025A44	thumb	sub_08025A44
0x08025AB4	thumb	sub_08025AB4
0x08025AE4	thumb	sub_08025AE4
0x08025B38	thumb	sub_08025B38
0x08025B8C	thumb	sub_08025B8C
0x08025BD4	thumb	sub_08025BD4
0x08025C28	thumb	sub_08025C28
0x08025C64	thumb	sub_08025C64
0x08025D18	thumb	sub_08025D18
0x08025D88	thumb	sub_08025D88
0x08025E54	thumb	sub_08025E54
0x08025E9C	thumb	sub_08025E9C
0x08025F6C	thumb	sub_08025F6C
0x08026010	thumb	sub_08026010
0x0802612C	thumb	sub_0802612C
0x080261C4	thumb	sub_080261C4
0x08026244	thumb	sub_08026244
0x08026288	thumb	sub_08026288
0x080262E4	thumb	sub_080262E4
0x08026324	thumb	sub_08026324
0x080263B8	thumb	sub_080263B8
0x08026444	thumb	sub_08026444
0x0802647C	thumb	sub_0802647C
0x080264B4	thumb	sub_080264B4
0x080264CC	thumb	sub_080264CC
0x08026A44	thumb	sub_08026A44
0x08026B1C	thumb	sub_08026B1C
0x08026C0C	thumb	sub_08026C0C
0x080270AC	thumb	sub_080270AC
0x08027464	thumb	sub_08027464
0x08027DE4	thumb	sub_08027DE4
0x080287AC	thumb	sub_080287AC
0x080288F4	thumb	sub_080288F4
0x080289C8	thumb	sub_080289C8
0x08028C4C	thumb	sub_08028C4C
0x08028E2C	thumb	sub_08028E2C
0x080291AC	thumb	sub_080291AC
0x0802976C	thumb	sub_0802976C
0x08029930	thumb	sub_08029930
0x080299DC	thumb	sub_080299DC
0x0802A0F0	thumb	sub_0802A0F0
0x0802A404	thumb	sub_0802A404
0x0802A4F4	thumb	sub_0802A4F4
0x0802A5F4	thumb	sub_0802A5F4
0x0802A75C	thumb	sub_0802A75C
0x0802A858	thumb	sub_0802A858
0x0802A8C4	thumb	sub_0802A8C4
0x0802AAF4	thumb	sub_0802AAF4
0x0802B078	thumb	sub_0802B078
0x0802B6D4	thumb	sub_0802B6D4
0x0802B7E4	thumb	sub_0802B7E4
0x0802B95C	thumb	sub_0802B95C
0x0802BC98	thumb	sub_0802BC98
0x0802BE6C	thumb	sub_0802BE6C
0x0802BEF8	thumb	sub_0802BEF8
0x0802BF40	thumb	sub_0802BF40
0x0802BF50	thumb	sub_0802BF50
0x0802BF88	thumb	sub_0802BF88
0x0802BFA8	thumb	sub_0802BFA8
0x0802BFF4	thumb	sub_0802BFF4
0x0802C038	thumb	sub_0802C038
0x0802C09C	thumb	sub_0802C09C
0x0802C104	thumb	sub_0802C104
0x0802C1A4	thumb	sub_0802C1A4
0x0802C374	thumb	sub_0802C374
0x0802C528	thumb	sub_0802C528
0x0802C6F4	thumb	sub_0802C6F4
0x0802CAE0	thumb	sub_0802CAE0
0x0802D090	thumb	sub_0802D090
0x0802D214	thumb	sub_0802D214
0x0802D40C	thumb	sub_0802D40C
0x0802D558	thumb	sub_0802D558
0x0802DA80	thumb	sub_0802DA80
0x0802DD00	thumb	sub_0802DD00
0x0802DE08	thumb	sub_0802DE08
0x0802E10C	thumb	sub_0802E10C
0x0802E664	thumb	sub_0802E664
0x0802EB08	thumb	sub_0802EB08
0x0802ED80	thumb	sub_0802ED80
0x0802F314	thumb	sub_0802F314
0x0802F460	thumb	sub_0802F460
0x0802F824	thumb	sub_0802F824
0x0802FAF8	thumb	sub_0802FAF8
0x0802FC2C	thumb	sub_0802FC2C
0x0802FE48	thumb	sub_0802FE48
0x0802FFCC	thumb	sub_0802FFCC
0x08030830	thumb	sub_08030830
0x0803092C	thumb	sub_0803092C
0x08030AD8	thumb	sub_08030AD8
0x08030CB4	thumb	sub_08030CB4
0x08030E38	thumb	sub_08030E38
0x08030E84	thumb	sub_08030E84
0x08030EF4	thumb	sub_08030EF4
0x08030F68	thumb	sub_08030F68
0x08030FE0	thumb	sub_08030FE0
0x08030FF8	thumb	sub_08030FF8
0x08031030	thumb	sub_08031030
0x080310A4	thumb	sub_080310A4
0x08031104	thumb	sub_08031104
0x08031178	thumb	sub_08031178
0x08031194	thumb	sub_08031194
0x08031210	thumb	sub_08031210
0x08031238	thumb	sub_08031238
0x0803130C	thumb	sub_0803130C
0x08031344	thumb	sub_08031344
0x08031360	thumb	sub_08031360
0x08031420	thumb	sub_08031420
0x08031740	thumb	sub_08031740
0x08031810	thumb	sub_08031810
0x08031BC8	thumb	sub_08031BC8
0x08031C88	thumb	sub_08031C88
0x08031E2C	thumb	sub_08031E2C
0x08031EE4	thumb	sub_08031EE4
0x080320B8	thumb	sub_080320B8
0x08032218	thumb	sub_08032218
0x08032710	thumb	sub_08032710
0x0803283C	thumb	sub_0803283C
0x080329B8	thumb	sub_080329B8
0x08032AF8	thumb	sub_08032AF8
0x08032BA4	thumb	sub_08032BA4
0x08032D6C	thumb	sub_08032D6C
0x08032E58	thumb	sub_08032E58
0x080331C4	thumb	sub_080331C4
0x08033510	thumb	sub_08033510
0x08033700	thumb	sub_08033700
0x08033934	thumb	sub_08033934
0x080339AC	thumb	sub_080339AC
0x08033B18	thumb	sub_08033B18
0x08033CCC	thumb	sub_08033CCC
0x08033F48	thumb	sub_08033F48
0x08034140	thumb	sub_08034140
0x08034444	thumb	sub_08034444
0x080345C8	thumb	sub_080345C8
0x080346C4	thumb	sub_080346C4
0x080348CC	thumb	sub_080348CC
0x08034994	thumb	sub_08034994
0x08034A70	thumb	sub_08034A70
0x08034B74	thumb	sub_08034B74
0x08034BD8	thumb	sub_08034BD8
0x08034C24	thumb	sub_08034C24
0x08034C84	thumb	sub_08034C84
0x08034C88	thumb	sub_08034C88
0x08034CDC	thumb	sub_08034CDC
0x08034D00	thumb	sub_08034D00
0x08034D1C	thumb	sub_08034D1C
0x08034D28	thumb	sub_08034D28
0x08034DB8	thumb	sub_08034DB8
0x08034E2C	thumb	sub_08034E2C
0x08034E88	thumb	sub_08034E88
0x08034F08	thumb	sub_08034F08
0x08034F6C	thumb	sub_08034F6C
0x08034FB8	thumb	sub_08034FB8
0x08035000	thumb	sub_08035000
0x08035014	thumb	sub_08035014
0x0803503C	thumb	sub_0803503C
0x080350D4	thumb	sub_080350D4
0x0803513C	thumb	sub_0803513C
0x08035190	thumb	sub_08035190
0x0803522C	thumb	sub_0803522C
0x08035278	thumb	sub_08035278
0x080352C4	thumb	sub_080352C4
0x080352F4	thumb	sub_080352F4
0x08035418	thumb	sub_08035418
0x0803552C	thumb	sub_0803552C
0x08035BAC	thumb	sub_08035BAC
0x08036150	thumb	sub_08036150
0x08036408	thumb	sub_08036408
0x080367A4	thumb	sub_080367A4
0x08036AD4	thumb	sub_08036AD4
0x08036B94	thumb	sub_08036B94
0x08036C24	thumb	sub_08036C24
0x08036D48	thumb	sub_08036D48
0x08036EAC	thumb	sub_08036EAC
0x08036F7C	thumb	sub_08036F7C
0x08037310	thumb	sub_08037310
0x08037454	thumb	sub_08037454
0x0803761C	thumb	sub_0803761C
0x08037794	thumb	sub_08037794
0x08037940	thumb	sub_08037940
0x08037B5C	thumb	sub_08037B5C
0x08037D28	thumb	sub_08037D28
0x08037F38	thumb	sub_08037F38
0x08038020	thumb	sub_08038020
0x08038218	thumb	sub_08038218
0x080382C4	thumb	sub_080382C4
0x08038344	thumb	sub_08038344
0x08038464	thumb	sub_08038464
0x08038620	thumb	sub_08038620
0x080387C8	thumb	sub_080387C8
0x080388E8	thumb	sub_080388E8
0x08038A08	thumb	sub_08038A08
0x08038A9C	thumb	sub_08038A9C
0x08038B58	thumb	sub_08038B58
0x08038BF0	thumb	sub_08038BF0
0x08038C70	thumb	sub_08038C70
0x08038CC0	thumb	sub_08038CC0
0x08038D20	thumb	sub_08038D20
0x08038D74	thumb	sub_08038D74
0x08038DAC	thumb	sub_08038DAC
0x08038E08	thumb	sub_08038E08
0x08038EAC	thumb	sub_08038EAC
0x08038ECC	thumb	sub_08038ECC
0x08038F5C	thumb	sub_08038F5C
0x08038F8C	thumb	sub_08038F8C
0x08038FBC	thumb	sub_08038FBC
0x08039020	thumb	sub_08039020
0x08039060	thumb	sub_08039060
0x080390F4	thumb	sub_080390F4
0x0803915C	thumb	sub_0803915C
0x080391E8	thumb	sub_080391E8
0x08039308	thumb	sub_08039308
0x080394A4	thumb	sub_080394A4
0x08039588	thumb	sub_08039588
0x080396A4	thumb	sub_080396A4
0x08039788	thumb	sub_08039788
0x080399CC	thumb	sub_080399CC
0x08039C38	thumb	sub_08039C38
0x08039E38	thumb	sub_08039E38
0x08039EDC	thumb	sub_08039EDC
0x0803A04C	thumb	sub_0803A04C
0x0803A12C	thumb	sub_0803A12C
0x0803A19C	thumb	sub_0803A19C
0x0803A240	thumb	sub_0803A240
0x0803A300	thumb	sub_0803A300
0x0803A51C	thumb	sub_0803A51C
0x0803A70C	thumb	sub_0803A70C
0x0803A7E0	thumb	sub_0803A7E0
0x0803A8EC	thumb	sub_0803A8EC
0x0803A9E4	thumb	sub_0803A9E4
0x0803AA5C	thumb	sub_0803AA5C
0x0803AB88	thumb	sub_0803AB88
0x0803AC14	thumb	sub_0803AC14
0x0803AD88	thumb	sub_0803AD88
0x0803AFA8	thumb	sub_0803AFA8
0x0803B380	thumb	sub_0803B380
0x0803B4C4	thumb	sub_0803B4C4
0x0803B5F0	thumb	sub_0803B5F0
0x0803B91C	thumb	sub_0803B91C
0x0803B9C8	thumb	sub_0803B9C8
0x0803BB88	thumb	sub_0803BB88
0x0803BD28	thumb	sub_0803BD28
0x0803BDC8	thumb	sub_0803BDC8
0x0803BF6C	thumb	sub_0803BF6C
0x0803BFFC	thumb	sub_0803BFFC
0x0803C2F8	thumb	sub_0803C2F8
0x0803C618	thumb	sub_0803C618
0x0803C78C	thumb	sub_0803C78C
0x0803C884	thumb	sub_0803C884
0x0803CA40	thumb	sub_0803CA40
0x0803CE14	thumb	sub_0803CE14
0x0803CF68	thumb	sub_0803CF68
0x0803D0BC	thumb	sub_0803D0BC
0x0803D1FC	thumb	sub_0803D1FC
0x0803D3C8	thumb	sub_0803D3C8
0x0803D5A4	thumb	sub_0803D5A4
0x0803D68C	thumb	sub_0803D68C
0x0803D714	thumb	sub_0803D714
0x0803D73C	thumb	sub_0803D73C
0x0803D764	thumb	sub_0803D764
0x0803D7EC	thumb	sub_0803D7EC
0x0803D860	thumb	sub_0803D860
0x0803D960	thumb	sub_0803D960
0x0803DA14	thumb	sub_0803DA14
0x0803DAAC	thumb	sub_0803DAAC
0x0803DACC	thumb	sub_0803DACC
0x0803DAE4	thumb	sub_0803DAE4
0x0803DB60	thumb	sub_0803DB60
0x0803DB7C	thumb	sub_0803DB7C
0x0803DBC8	thumb	sub_0803DBC8
0x0803DBF0	thumb	sub_0803DBF0
0x0803DC48	thumb	sub_0803DC48
0x0803DC88	thumb	sub_0803DC88
0x0803DCC4	thumb	sub_0803DCC4
0x0803DCCC	thumb	sub_0803DCCC
0x0803DD60	thumb	sub_0803DD60
0x0803DDC0	thumb	sub_0803DDC0
0x0803DE20	thumb	sub_0803DE20
0x0803DE80	thumb	sub_0803DE80
0x0803DED0	thumb	sub_0803DED0
0x0803DF14	thumb	sub_0803DF14
0x0803E054	thumb	sub_0803E054
0x0803E098	thumb	sub_0803E098
0x0803E15C	thumb	sub_0803E15C
0x0803E274	thumb	sub_0803E274
0x0803E380	thumb	sub_0803E380
0x0803E48C	thumb	sub_0803E48C
0x0803E718	thumb	sub_0803E718
0x0803E89C	thumb	sub_0803E89C
0x0803EBDC	thumb	sub_0803EBDC
0x0803F0E8	thumb	sub_0803F0E8
0x0803F634	thumb	sub_0803F634
0x0803F7D8	thumb	sub_0803F7D8
0x0803F9D8	thumb	sub_0803F9D8
0x0803FA60	thumb	sub_0803FA60
0x0803FC5C	thumb	sub_0803FC5C
0x0803FE8C	thumb	sub_0803FE8C
0x0803FF80	thumb	sub_0803FF80
0x08040020	thumb	sub_08040020
0x08040290	thumb	sub_08040290
0x080403A8	thumb	sub_080403A8
0x0804063C	thumb	sub_0804063C
0x0804075C	thumb	sub_0804075C
0x08040EAC	thumb	sub_08040EAC
0x08040FA8	thumb	sub_08040FA8
0x080410D4	thumb	sub_080410D4
0x0804113C	thumb	sub_0804113C
0x080411A8	thumb	sub_080411A8
0x08041280	thumb	sub_08041280
0x080412D8	thumb	sub_080412D8
0x08041360	thumb	sub_08041360
0x080417D4	thumb	sub_080417D4
0x08041AF4	thumb	sub_08041AF4
0x08041E30	thumb	sub_08041E30
0x080422A4	thumb	sub_080422A4
0x08042394	thumb	sub_08042394
0x08042430	thumb	sub_08042430
0x08042688	thumb	sub_08042688
0x080428C4	thumb	sub_080428C4
0x080429B0	thumb	sub_080429B0
0x08042A74	thumb	sub_08042A74
0x08042B60	thumb	sub_08042B60
0x08042E30	thumb	sub_08042E30
0x08043158	thumb	sub_08043158
0x080433DC	thumb	sub_080433DC
0x08043568	thumb	sub_08043568
0x080437A8	thumb	sub_080437A8
0x080439D0	thumb	sub_080439D0
0x08043C04	thumb	sub_08043C04
0x08043D94	thumb	sub_08043D94
0x08044128	thumb	sub_08044128
0x0804437C	thumb	sub_0804437C
0x08044720	thumb	sub_08044720
0x08044960	thumb	sub_08044960
0x08044A54	thumb	sub_08044A54
0x08044B3C	thumb	sub_08044B3C
0x08044CB8	thumb	sub_08044CB8
0x08044F58	thumb	sub_08044F58
0x08045024	thumb	sub_08045024
0x08045288	thumb	sub_08045288
0x08045364	thumb	sub_08045364
0x08045454	thumb	sub_08045454
0x080454DC	thumb	sub_080454DC
0x08045574	thumb	sub_08045574
0x08045698	thumb	sub_08045698
0x080457A8	thumb	sub_080457A8
0x08045904	thumb	sub_08045904
0x08045974	thumb	sub_08045974
0x08045A3C	thumb	sub_08045A3C
0x08045B48	thumb	sub_08045B48
0x08045BF0	thumb	sub_08045BF0
0x08045CE4	thumb	sub_08045CE4
0x08045D84	thumb	sub_08045D84
0x08045F0C	thumb	sub_08045F0C
0x08046140	thumb	sub_08046140
0x08046228	thumb	sub_08046228
0x08046380	thumb	sub_08046380
0x0804648C	thumb	sub_0804648C
0x0804669C	thumb	sub_0804669C
0x08046BAC	thumb	sub_08046BAC
0x08046CE8	thumb	sub_08046CE8
0x08046E34	thumb	sub_08046E34
0x080471D0	thumb	sub_080471D0
0x080473D8	thumb	sub_080473D8
0x08047600	thumb	sub_08047600
0x080476D0	thumb	sub_080476D0
0x080477A0	thumb	sub_080477A0
0x080478D8	thumb	sub_080478D8
0x08047B04	thumb	sub_08047B04
0x08047D1C	thumb	sub_08047D1C
0x08047E9C	thumb	sub_08047E9C
0x08048014	thumb	sub_08048014
0x080486C8	thumb	sub_080486C8
0x080488E0	thumb	sub_080488E0
0x08048ABC	thumb	sub_08048ABC
0x08048BDC	thumb	sub_08048BDC
0x08048BE4	thumb	sub_08048BE4
0x08048BE8	thumb	sub_08048BE8
0x08048C14	thumb	sub_08048C14
0x08048C40	thumb	sub_08048C40
0x08048C6C	thumb	sub_08048C6C
0x08048CA4	thumb	sub_08048CA4
0x08048CD8	thumb	sub_08048CD8
0x08048D0C	thumb	sub_08048D0C
0x08048D54	thumb	sub_08048D54
0x08048DA4	thumb	sub_08048DA4
0x08048DD4	thumb	sub_08048DD4
0x08048E24	thumb	sub_08048E24
0x08048E50	thumb	sub_08048E50
0x08048E6C	thumb	sub_08048E6C
0x08048F58	thumb	sub_08048F58
0x08048FD4	thumb	sub_08048FD4
0x08049018	thumb	sub_08049018
0x08049064	thumb	sub_08049064
0x080490B0	thumb	sub_080490B0
0x080491B0	thumb	sub_080491B0
0x08049210	thumb	sub_08049210
0x08049244	thumb	sub_08049244
0x080492A4	thumb	sub_080492A4
0x080492C4	thumb	sub_080492C4
0x080492E0	thumb	sub_080492E0
0x0804930C	thumb	sub_0804930C
0x0804932C	thumb	sub_0804932C
0x08049388	thumb	sub_08049388
0x080493B0	thumb	sub_080493B0
0x08049410	thumb	sub_08049410
0x0804945C	thumb	sub_0804945C
0x080494C0	thumb	sub_080494C0
0x08049524	thumb	sub_08049524
0x0804954C	thumb	sub_0804954C
0x080495C0	thumb	sub_080495C0
0x08049618	thumb	sub_08049618
0x0804964C	thumb	sub_0804964C
0x080496B8	thumb	sub_080496B8
0x080496F8	thumb	sub_080496F8
0x08049714	thumb	sub_08049714
0x080497B4	thumb	sub_080497B4
0x080498A8	thumb	sub_080498A8
0x080498D4	thumb	sub_080498D4
0x080498D8	thumb	sub_080498D8
0x08049958	thumb	sub_08049958
0x08049988	thumb	sub_08049988
0x080499A8	thumb	sub_080499A8
0x080499B8	thumb	sub_080499B8
0x080499FC	thumb	sub_080499FC
0x08049A3C	thumb	sub_08049A3C
0x08049A7C	thumb	sub_08049A7C
0x08049ACC	thumb	sub_08049ACC
0x08049B1C	thumb	sub_08049B1C
0x08049B48	thumb	sub_08049B48
0x08049B64	thumb	sub_08049B64
0x08049BCC	thumb	sub_08049BCC
0x08049BF8	thumb	sub_08049BF8
0x08049C28	thumb	sub_08049C28
0x08049C40	thumb	sub_08049C40
0x08049C4C	thumb	sub_08049C4C
0x08049C7C	thumb	sub_08049C7C
0x08049D0C	thumb	sub_08049D0C
0x08049DA4	thumb	sub_08049DA4
0x08049F20	thumb	sub_08049F20
0x0804A1AC	thumb	sub_0804A1AC
0x0804A3DC	thumb	sub_0804A3DC
0x0804A60C	thumb	sub_0804A60C
0x0804A83C	thumb	sub_0804A83C
0x0804AA88	thumb	sub_0804AA88
0x0804ACD0	thumb	sub_0804ACD0
0x0804AF50	thumb	sub_0804AF50
0x0804B1D0	thumb	sub_0804B1D0
0x0804B44C	thumb	sub_0804B44C
0x0804B6C8	thumb	sub_0804B6C8
0x0804B8E8	thumb	sub_0804B8E8
0x0804BB0C	thumb	sub_0804BB0C
0x0804BD44	thumb	sub_0804BD44
0x0804BF80	thumb	sub_0804BF80
0x0804C170	thumb	sub_0804C170
0x0804C254	thumb	sub_0804C254
0x0804CA10	thumb	sub_0804CA10
0x0804CABC	thumb	sub_0804CABC
0x0804CB98	thumb	sub_0804CB98
0x0804CD74	thumb	sub_0804CD74
0x0804CF7C	thumb	sub_0804CF7C
0x0804D04C	thumb	sub_0804D04C
0x0804D12C	thumb	sub_0804D12C
0x0804D264	thumb	sub_0804D264
0x0804D3AC	thumb	sub_0804D3AC
0x0804D4FC	thumb	sub_0804D4FC
0x0804D644	thumb	sub_0804D644
0x0804D820	thumb	sub_0804D820
0x0804D8F0	thumb	sub_0804D8F0
0x0804DB8C	thumb	sub_0804DB8C
0x0804DDE0	thumb	sub_0804DDE0
0x0804DFA0	thumb	sub_0804DFA0
0x0804E178	thumb	sub_0804E178
0x0804E368	thumb	sub_0804E368
0x0804E42C	thumb	sub_0804E42C
0x0804E5DC	thumb	sub_0804E5DC
0x0804E720	thumb	sub_0804E720
0x0804E904	thumb	sub_0804E904
0x0804EAC4	thumb	sub_0804EAC4
0x0804ECE8	thumb	sub_0804ECE8
0x0804EDAC	thumb	sub_0804EDAC
0x0804EF6C	thumb	sub_0804EF6C
0x0804F15C	thumb	sub_0804F15C
0x0804F34C	thumb	sub_0804F34C
0x0804F424	thumb	sub_0804F424
0x0804F4C4	thumb	sub_0804F4C4
0x0804F690	thumb	sub_0804F690
0x0804F880	thumb	sub_0804F880
0x0804FA70	thumb	sub_0804FA70
0x0804FB4C	thumb	sub_0804FB4C
0x0804FBEC	thumb	sub_0804FBEC
0x0804FDBC	thumb	sub_0804FDBC
0x0804FFAC	thumb	sub_0804FFAC
0x08050150	thumb	sub_08050150
0x0805022C	thumb	sub_0805022C
0x080502CC	thumb	sub_080502CC
0x0805049C	thumb	sub_0805049C
0x0805061C	thumb	sub_0805061C
0x08050888	thumb	sub_08050888
0x08050970	thumb	sub_08050970
0x08050A10	thumb	sub_08050A10
0x08050B24	thumb	sub_08050B24
0x08050CA4	thumb	sub_08050CA4
0x08050F10	thumb	sub_08050F10
0x08050FF4	thumb	sub_08050FF4
0x08051094	thumb	sub_08051094
0x08051174	thumb	sub_08051174
0x0805124C	thumb	sub_0805124C
0x08051314	thumb	sub_08051314
0x080513EC	thumb	sub_080513EC
0x08051484	thumb	sub_08051484
0x08051528	thumb	sub_08051528
0x080515C8	thumb	sub_080515C8
0x080516A0	thumb	sub_080516A0
0x08051768	thumb	sub_08051768
0x08051840	thumb	sub_08051840
0x080518D8	thumb	sub_080518D8
0x0805197C	thumb	sub_0805197C
0x08051A1C	thumb	sub_08051A1C
0x08051C90	thumb	sub_08051C90
0x08051EF8	thumb	sub_08051EF8
0x08052014	thumb	sub_08052014
0x080520A8	thumb	sub_080520A8
0x08052148	thumb	sub_08052148
0x0805229C	thumb	sub_0805229C
0x08052510	thumb	sub_08052510
0x08052778	thumb	sub_08052778
0x08052894	thumb	sub_08052894
0x08052928	thumb	sub_08052928
0x080529C8	thumb	sub_080529C8
0x08052B24	thumb	sub_08052B24
0x08052F4C	thumb	sub_08052F4C
0x080530A0	thumb	sub_080530A0
0x080531F4	thumb	sub_080531F4
0x0805328C	thumb	sub_0805328C
0x0805332C	thumb	sub_0805332C
0x080537EC	thumb	sub_080537EC
0x08053940	thumb	sub_08053940
0x08053A94	thumb	sub_08053A94
0x08053B2C	thumb	sub_08053B2C
0x08053BCC	thumb	sub_08053BCC
0x08053ED4	thumb	sub_08053ED4
0x080541DC	thumb	sub_080541DC
0x080544E4	thumb	sub_080544E4
0x08054614	thumb	sub_08054614
0x080546B4	thumb	sub_080546B4
0x080549BC	thumb	sub_080549BC
0x08054CC4	thumb	sub_08054CC4
0x08054FCC	thumb	sub_08054FCC
0x080550FC	thumb	sub_080550FC
0x0805519C	thumb	sub_0805519C
0x080552AC	thumb	sub_080552AC
0x080553BC	thumb	sub_080553BC
0x080554CC	thumb	sub_080554CC
0x080555DC	thumb	sub_080555DC
0x080556EC	thumb	sub_080556EC
0x08055808	thumb	sub_08055808
0x08055924	thumb	sub_08055924
0x08055A40	thumb	sub_08055A40
0x08055B5C	thumb	sub_08055B5C
0x08055C6C	thumb	sub_08055C6C
0x08055D7C	thumb	sub_08055D7C
0x08055E8C	thumb	sub_08055E8C
0x08055F9C	thumb	sub_08055F9C
0x08055FE8	thumb	sub_08055FE8
0x080562A4	thumb	sub_080562A4
0x08056344	thumb	sub_08056344
0x08056678	thumb	sub_08056678
0x08056780	thumb	sub_08056780
0x08056884	thumb	sub_08056884
0x0805698C	thumb	sub_0805698C
0x08056A9C	thumb	sub_08056A9C
0x08056C8C	thumb	sub_08056C8C
0x08056D68	thumb	sub_08056D68
0x08056E88	thumb	sub_08056E88
0x08057270	thumb	sub_08057270
0x080572D8	thumb	sub_080572D8
0x080573C0	thumb	sub_080573C0
0x080574E4	thumb	sub_080574E4
0x08057658	thumb	sub_08057658
0x08057734	thumb	sub_08057734
0x080577CC	thumb	sub_080577CC
0x08057A30	thumb	sub_08057A30
0x08057C08	thumb	sub_08057C08
0x08057D08	thumb	sub_08057D08
0x08057ECC	thumb	sub_08057ECC
0x08057FC4	thumb	sub_08057FC4
0x0805807C	thumb	sub_0805807C
0x08058270	thumb	sub_08058270
0x080583A0	thumb	sub_080583A0
0x080583EC	thumb	sub_080583EC
0x08058438	thumb	sub_08058438
0x08058484	thumb	sub_08058484
0x080584DC	thumb	sub_080584DC
0x08058548	thumb	sub_08058548
0x0805859C	thumb	sub_0805859C
0x080585F0	thumb	sub_080585F0
0x0805864C	thumb	sub_0805864C
0x080586AC	thumb	sub_080586AC
0x08058704	thumb	sub_08058704
0x08058778	thumb	sub_08058778
0x080587C4	thumb	sub_080587C4
0x08058810	thumb	sub_08058810
0x08058880	thumb	sub_08058880
0x080588D0	thumb	sub_080588D0
0x08058948	thumb	sub_08058948
0x08058994	thumb	sub_08058994
0x080589E0	thumb	sub_080589E0
0x08058A2C	thumb	sub_08058A2C
0x08058A78	thumb	sub_08058A78
0x08058ACC	thumb	sub_08058ACC
0x08058B18	thumb	sub_08058B18
0x08058B70	thumb	sub_08058B70
0x08058BC4	thumb	sub_08058BC4
0x08058C14	thumb	sub_08058C14
0x08058CB8	thumb	sub_08058CB8
0x08058FA8	thumb	sub_08058FA8
0x0805941C	thumb	sub_0805941C
0x080594C4	thumb	sub_080594C4
0x0805957C	thumb	sub_0805957C
0x080596F0	thumb	sub_080596F0
0x0805980C	thumb	sub_0805980C
0x080598E4	thumb	sub_080598E4
0x080599A0	thumb	sub_080599A0
0x08059AD0	thumb	sub_08059AD0
0x08059C1C	thumb	sub_08059C1C
0x08059D90	thumb	sub_08059D90
0x08059E64	thumb	sub_08059E64
0x08059EDC	thumb	sub_08059EDC
0x0805A1C8	thumb	sub_0805A1C8
0x0805A24C	thumb	sub_0805A24C
0x0805A2F4	thumb	sub_0805A2F4
0x0805A380	thumb	sub_0805A380
0x0805A43C	thumb	sub_0805A43C
0x0805A4A4	thumb	sub_0805A4A4
0x0805A51C	thumb	sub_0805A51C
0x0805A588	thumb	sub_0805A588
0x0805A7D4	thumb	sub_0805A7D4
0x0805A95C	thumb	sub_0805A95C
0x0805AAC8	thumb	sub_0805AAC8
0x0805AB74	thumb	sub_0805AB74
0x0805ACDC	thumb	sub_0805ACDC
0x0805AD34	thumb	sub_0805AD34
0x0805ADBC	thumb	sub_0805ADBC
0x0805ADF0	thumb	sub_0805ADF0
0x0805AE30	thumb	sub_0805AE30
0x0805AE60	thumb	sub_0805AE60
0x0805AE88	thumb	sub_0805AE88
0x0805AEB4	thumb	sub_0805AEB4
0x0805AEFC	thumb	sub_0805AEFC
0x0805AF68	thumb	sub_0805AF68
0x0805AF88	thumb	sub_0805AF88
0x0805AFD0	thumb	sub_0805AFD0
0x0805B018	thumb	sub_0805B018
0x0805B060	thumb	sub_0805B060
0x0805B0A8	thumb	sub_0805B0A8
0x0805B0BC	thumb	sub_0805B0BC
0x0805B0EC	thumb	sub_0805B0EC
0x0805B14C	thumb	sub_0805B14C
0x0805B18C	thumb	sub_0805B18C
0x0805B1DC	thumb	sub_0805B1DC
0x0805B20C	thumb	sub_0805B20C
0x0805B258	thumb	sub_0805B258
0x0805B290	thumb	sub_0805B290
0x0805B2B4	thumb	sub_0805B2B4
0x0805B2F4	thumb	sub_0805B2F4
0x0805B318	thumb	sub_0805B318
0x0805B33C	thumb	sub_0805B33C
0x0805B35C	thumb	sub_0805B35C
0x0805B37C	thumb	sub_0805B37C
0x0805B3AC	thumb	sub_0805B3AC
0x0805B3CC	thumb	sub_0805B3CC
0x0805B3EC	thumb	sub_0805B3EC
0x0805B428	thumb	sub_0805B428
0x0805B458	thumb	sub_0805B458
0x0805B488	thumb	sub_0805B488
0x0805B4B8	thumb	sub_0805B4B8
0x0805B50C	thumb	sub_0805B50C
0x0805B564	thumb	sub_0805B564
0x0805B5AC	thumb	sub_0805B5AC
0x0805B5E8	thumb	sub_0805B5E8
0x0805B63C	thumb	sub_0805B63C
0x0805B6A8	thumb	sub_0805B6A8
0x0805B6D4	thumb	sub_0805B6D4
0x0805B71C	thumb	sub_0805B71C
0x0805B76C	thumb	sub_0805B76C
0x0805B860	thumb	sub_0805B860
0x0805B924	thumb	sub_0805B924
0x0805B994	thumb	sub_0805B994
0x0805BC10	thumb	sub_0805BC10
0x0805C3D0	thumb	sub_0805C3D0
0x0805C568	thumb	sub_0805C568
0x0805C7E0	thumb	sub_0805C7E0
0x0805C92C	thumb	sub_0805C92C
0x0805CE34	thumb	sub_0805CE34
0x0805D018	thumb	sub_0805D018
0x0805D7C0	thumb	sub_0805D7C0
0x0805DB88	thumb	sub_0805DB88
0x0805DF14	thumb	sub_0805DF14
0x0805E288	thumb	sub_0805E288
0x0805E540	thumb	sub_0805E540
0x0805E5E0	thumb	sub_0805E5E0
0x0805E780	thumb	sub_0805E780
0x0805E840	thumb	sub_0805E840
0x0805EAFC	thumb	sub_0805EAFC
0x0805EBAC	thumb	sub_0805EBAC
0x0805ECA0	thumb	sub_0805ECA0
0x0805F220	thumb	sub_0805F220
0x0805F49C	thumb	sub_0805F49C
0x0805F558	thumb	sub_0805F558
0x0805F944	thumb	sub_0805F944
0x0805FB50	thumb	sub_0805FB50
0x0805FBE8	thumb	sub_0805FBE8
0x0805FCB4	thumb	sub_0805FCB4
0x0805FCEC	thumb	sub_0805FCEC
0x0805FD78	thumb	sub_0805FD78
0x0805FF20	thumb	sub_0805FF20
0x080600AC	thumb	sub_080600AC
0x08060238	thumb	sub_08060238
0x080602D4	thumb	sub_080602D4
0x0806041C	thumb	sub_0806041C
0x080604C8	thumb	sub_080604C8
0x0806055C	thumb	sub_0806055C
0x080605E8	thumb	sub_080605E8
0x08060654	thumb	sub_08060654
0x080606B8	thumb	sub_080606B8
0x080606C0	thumb	sub_080606C0
0x080606C8	thumb	sub_080606C8
0x080606E4	thumb	sub_080606E4
0x080606EC	thumb	sub_080606EC
0x0806073C	thumb	sub_0806073C
0x08060744	thumb	sub_08060744
0x08060798	thumb	sub_08060798
0x080607AC	thumb	sub_080607AC
0x080607C4	thumb	sub_080607C4
0x080607F4	thumb	sub_080607F4
0x0806083C	thumb	sub_0806083C
0x08060864	thumb	sub_08060864
0x080608A0	thumb	sub_080608A0
0x080608DC	thumb	sub_080608DC
0x08060914	thumb	sub_08060914
0x0806093C	thumb	sub_0806093C
0x0806096C	thumb	sub_0806096C
0x0806099C	thumb	sub_0806099C
0x08060A60	thumb	sub_08060A60
0x08060B14	thumb	sub_08060B14
0x08060C58	thumb	sub_08060C58
0x08061524	thumb	sub_08061524
0x0806153C	thumb	sub_0806153C
0x08061560	thumb	sub_08061560
0x08061618	thumb	sub_08061618
0x08061920	thumb	sub_08061920
0x080619F0	thumb	sub_080619F0
0x08061AF8	thumb	sub_08061AF8
0x08061C14	thumb	sub_08061C14
0x08061D00	thumb	sub_08061D00
0x08062A24	thumb	sub_08062A24
0x08062AEC	thumb	sub_08062AEC
0x08062D80	thumb	sub_08062D80
0x08062E18	thumb	sub_08062E18
0x08062EB0	thumb	sub_08062EB0
0x08062EBC	thumb	sub_08062EBC
0x08062EF0	thumb	sub_08062EF0
0x08062F34	thumb	sub_08062F34
0x08062F80	thumb	sub_08062F80
0x08062FAC	thumb	sub_08062FAC
0x08062FF8	thumb	sub_08062FF8
0x08063020	thumb	sub_08063020
0x08063048	thumb	sub_08063048
0x08063070	thumb	sub_08063070
0x080630BC	thumb	sub_080630BC
0x08063140	thumb	sub_08063140
0x080631C4	thumb	sub_080631C4
0x0806324C	thumb	sub_0806324C
0x08063274	thumb	sub_08063274
0x0806329C	thumb	sub_0806329C
0x080632DC	thumb	sub_080632DC
0x0806330C	thumb	sub_0806330C
0x0806333C	thumb	sub_0806333C
0x080635DC	thumb	sub_080635DC
0x08064014	thumb	sub_08064014
0x08064084	thumb	sub_08064084
0x080640DC	thumb	sub_080640DC
0x080641C0	thumb	sub_080641C0
0x08065A28	thumb	sub_08065A28
0x08065A7C	thumb	sub_08065A7C
0x08065E08	thumb	sub_08065E08
0x08065ECC	thumb	sub_08065ECC
0x08065F7C	thumb	sub_08065F7C
0x08065FEC	thumb	sub_08065FEC
0x0806616C	thumb	sub_0806616C
0x08067788	thumb	sub_08067788
0x0806784C	thumb	sub_0806784C
0x08067970	thumb	sub_08067970
0x08067A68	thumb	sub_08067A68
0x08067B64	thumb	sub_08067B64
0x08067C58	thumb	sub_08067C58
0x08067D4C	thumb	sub_08067D4C
0x08067EC8	thumb	sub_08067EC8
0x08068038	thumb	sub_08068038
0x08068048	thumb	sub_08068048
0x08068058	thumb	sub_08068058
0x08068064	thumb	sub_08068064
0x08068070	thumb	sub_08068070
0x08068088	thumb	sub_08068088
0x0806809C	thumb	sub_0806809C
0x080680E8	thumb	sub_080680E8
0x08068144	thumb	sub_08068144
0x08068174	thumb	sub_08068174
0x0806819C	thumb	sub_0806819C
0x080681D8	thumb	sub_080681D8
0x08068234	thumb	sub_08068234
0x080682A8	thumb	sub_080682A8
0x080682DC	thumb	sub_080682DC
0x08068330	thumb	sub_08068330
0x080683B4	thumb	sub_080683B4
0x080683F0	thumb	sub_080683F0
0x08068480	thumb	sub_08068480
0x080684FC	thumb	sub_080684FC
0x08068518	thumb	sub_08068518
0x0806855C	thumb	sub_0806855C
0x08068570	thumb	sub_08068570
0x080685BC	thumb	sub_080685BC
0x080685EC	thumb	sub_080685EC
0x08068704	thumb	sub_08068704
0x080687D0	thumb	sub_080687D0
0x08068828	thumb	sub_08068828
0x08068924	thumb	sub_08068924
0x08068B98	thumb	sub_08068B98
0x08068C28	thumb	sub_08068C28
0x08068C80	thumb	sub_08068C80
0x08068D84	thumb	sub_08068D84
0x08069100	thumb	sub_08069100
0x08069190	thumb	sub_08069190
0x08069230	thumb	sub_08069230
0x08069334	thumb	sub_08069334
0x0806941C	thumb	sub_0806941C
0x08069524	thumb	sub_08069524
0x08069634	thumb	sub_08069634
0x08069670	thumb	sub_08069670
0x08069688	thumb	sub_08069688
0x080696BC	thumb	sub_080696BC
0x08069740	thumb	sub_08069740
0x0806977C	thumb	sub_0806977C
0x0806980C	thumb	sub_0806980C
0x08069884	thumb	sub_08069884
0x08069AA8	thumb	sub_08069AA8
0x08069C54	thumb	sub_08069C54
0x08069D04	thumb	sub_08069D04
0x08069DA8	thumb	sub_08069DA8
0x08069E74	thumb	sub_08069E74
0x08069F74	thumb	sub_08069F74
0x0806A040	thumb	sub_0806A040
0x0806A0D4	thumb	sub_0806A0D4
0x0806A2DC	thumb	sub_0806A2DC
0x0806A378	thumb	sub_0806A378
0x0806A670	thumb	sub_0806A670
0x0806A9A8	thumb	sub_0806A9A8
0x0806AC78	thumb	sub_0806AC78
0x0806AFC8	thumb	sub_0806AFC8
0x0806B50C	thumb	sub_0806B50C
0x0806B58C	thumb	sub_0806B58C
0x0806B628	thumb	sub_0806B628
0x0806B698	thumb	sub_0806B698
0x0806B750	thumb	sub_0806B750
0x0806BC24	thumb	sub_0806BC24
0x0806BD0C	thumb	sub_0806BD0C
0x0806C294	thumb	sub_0806C294
0x0806D054	thumb	sub_0806D054
0x0806D314	thumb	sub_0806D314
0x0806D73C	thumb	sub_0806D73C
0x0806DB00	thumb	sub_0806DB00
0x0806DB84	thumb	sub_0806DB84
0x0806DD1C	thumb	sub_0806DD1C
0x0806DF50	thumb	sub_0806DF50
0x0806E020	thumb	sub_0806E020
0x0806E0EC	thumb	sub_0806E0EC
0x0806E1B8	thumb	sub_0806E1B8
0x0806E27C	thumb	sub_0806E27C
0x0806E394	thumb	sub_0806E394
0x0806E4A8	thumb	sub_0806E4A8
0x0806E5AC	thumb	sub_0806E5AC
0x0806E684	thumb	sub_0806E684
0x0806E968	thumb	sub_0806E968
0x0806EF50	thumb	sub_0806EF50
0x0806EF98	thumb	sub_0806EF98
0x0806EFA8	thumb	sub_0806EFA8
0x0806EFF0	thumb	sub_0806EFF0
0x0806F020	thumb	sub_0806F020
0x0806F038	thumb	sub_0806F038
0x0806F054	thumb	sub_0806F054
0x0806F070	thumb	sub_0806F070
0x0806F0A0	thumb	sub_0806F0A0
0x0806F0B4	thumb	sub_0806F0B4
0x0806F0CC	thumb	sub_0806F0CC
0x0806F0E0	thumb	sub_0806F0E0
0x0806F174	thumb	sub_0806F174
0x0806F2D0	thumb	sub_0806F2D0
0x0806F304	thumb	sub_0806F304
0x0806F3D0	thumb	sub_0806F3D0
0x0806F448	thumb	sub_0806F448
0x0806F500	thumb	sub_0806F500
0x0806F544	thumb	sub_0806F544
0x0806F5E8	thumb	sub_0806F5E8
0x0806F5F8	thumb	sub_0806F5F8
0x0806F60C	thumb	sub_0806F60C
0x0806F620	thumb	sub_0806F620
0x0806F678	thumb	sub_0806F678
0x0806F68C	thumb	sub_0806F68C
0x0806F6C4	thumb	sub_0806F6C4
0x0806F71C	thumb	sub_0806F71C
0x0806F774	thumb	sub_0806F774
0x0806F808	thumb	sub_0806F808
0x0806FD44	thumb	sub_0806FD44
0x0806FDA4	thumb	sub_0806FDA4
0x08070240	thumb	sub_08070240
0x08070334	thumb	sub_08070334
0x080703C4	thumb	sub_080703C4
0x08070590	thumb	sub_08070590
0x08070680	thumb	sub_08070680
0x08070714	thumb	sub_08070714
0x080712B8	thumb	sub_080712B8
0x08071310	thumb	sub_08071310
0x080713A0	thumb	sub_080713A0
0x08071448	thumb	sub_08071448
0x08071500	thumb	sub_08071500
0x0807159C	thumb	sub_0807159C
0x08071D2C	thumb	sub_08071D2C
0x08071E5C	thumb	sub_08071E5C
0x08071EE0	thumb	sub_08071EE0
0x0807209C	thumb	sub_0807209C
0x080728D4	thumb	sub_080728D4
0x080728F4	thumb	sub_080728F4
0x08072978	thumb	sub_08072978
0x08072BE4	thumb	sub_08072BE4
0x08073340	thumb	sub_08073340
0x080733EC	thumb	sub_080733EC
0x08073498	thumb	sub_08073498
0x08073528	thumb	sub_08073528
0x08073614	thumb	sub_08073614
0x08073660	thumb	sub_08073660
0x080738AC	thumb	sub_080738AC
0x08073AD0	thumb	sub_08073AD0
0x08073BBC	thumb	sub_08073BBC
0x08073DDC	thumb	sub_08073DDC
0x08073EB8	thumb	sub_08073EB8
0x08073FE0	thumb	sub_08073FE0
0x0807486C	thumb	sub_0807486C
0x08074A24	thumb	sub_08074A24
0x08074A5C	thumb	sub_08074A5C
0x08074AC4	thumb	sub_08074AC4
0x08074B58	thumb	sub_08074B58
0x08074CF8	thumb	sub_08074CF8
0x08075238	thumb	sub_08075238
0x08075298	thumb	sub_08075298
0x08075408	thumb	sub_08075408
0x080754E8	thumb	sub_080754E8
0x080757D0	thumb	sub_080757D0
0x080758A8	thumb	sub_080758A8
0x080759BC	thumb	sub_080759BC
0x08075B60	thumb	sub_08075B60
0x08075ED0	thumb	sub_08075ED0
0x08075F34	thumb	sub_08075F34
0x0807607C	thumb	sub_0807607C
0x0807618C	thumb	sub_0807618C
0x08076728	thumb	sub_08076728
0x08076780	thumb	sub_08076780
0x0807681C	thumb	sub_0807681C
0x080769C8	thumb	sub_080769C8
0x08076A20	thumb	sub_08076A20
0x08076B34	thumb	sub_08076B34
0x08076EFC	thumb	sub_08076EFC
0x08076F80	thumb	sub_08076F80
0x08077150	thumb	sub_08077150
0x08077554	thumb	sub_08077554
0x080775B4	thumb	sub_080775B4
0x0807766C	thumb	sub_0807766C
0x080777A8	thumb	sub_080777A8
0x080778D8	thumb	sub_080778D8
0x08077984	thumb	sub_08077984
0x08077A54	thumb	sub_08077A54
0x08077B00	thumb	sub_08077B00
0x08077BA8	thumb	sub_08077BA8
0x08077CC4	thumb	sub_08077CC4
0x08077D20	thumb	sub_08077D20
0x08077E24	thumb	sub_08077E24
0x0807878C	thumb	sub_0807878C
0x08078838	thumb	sub_08078838
0x080790EC	thumb	sub_080790EC
0x08079204	thumb	sub_08079204
0x08079340	thumb	sub_08079340
0x080793AC	thumb	sub_080793AC
0x080794B8	thumb	sub_080794B8
0x08079518	thumb	sub_08079518
0x080795D8	thumb	sub_080795D8
0x0807A3D8	thumb	sub_0807A3D8
0x0807A438	thumb	sub_0807A438
0x0807AA48	thumb	sub_0807AA48
0x0807AEDC	thumb	sub_0807AEDC
0x0807B034	thumb	sub_0807B034
0x0807B254	thumb	sub_0807B254
0x0807B354	thumb	sub_0807B354
0x0807B458	thumb	sub_0807B458
0x0807B5A0	thumb	sub_0807B5A0
0x0807B668	thumb	sub_0807B668
0x0807B9E4	thumb	sub_0807B9E4
0x0807BA04	thumb	sub_0807BA04
0x0807BA24	thumb	sub_0807BA24
0x0807BA70	thumb	sub_0807BA70
0x0807BBC4	thumb	sub_0807BBC4
0x0807BDC0	thumb	sub_0807BDC0
0x0807BFD0	thumb	sub_0807BFD0
0x0807C9FC	thumb	sub_0807C9FC
0x0807CA64	thumb	sub_0807CA64
0x0807CE48	thumb	sub_0807CE48
0x0807D0BC	thumb	sub_0807D0BC
0x0807D35C	thumb	sub_0807D35C
0x0807D430	thumb	sub_0807D430
0x0807D518	thumb	sub_0807D518
0x0807D64C	thumb	sub_0807D64C
0x0807DA60	thumb	sub_0807DA60
0x0807DAD0	thumb	sub_0807DAD0
0x0807DCC8	thumb	sub_0807DCC8
0x0807DE88	thumb	sub_0807DE88
0x0807DF90	thumb	sub_0807DF90
0x0807E080	thumb	sub_0807E080
0x0807E1B8	thumb	sub_0807E1B8
0x0807E390	thumb	sub_0807E390
0x0807F12C	thumb	sub_0807F12C
0x0807F198	thumb	sub_0807F198
0x0807F390	thumb	sub_0807F390
0x0807F4A0	thumb	sub_0807F4A0
0x0807F718	thumb	sub_0807F718
0x0807F770	thumb	sub_0807F770
0x0807F808	thumb	sub_0807F808
0x0807F8B4	thumb	sub_0807F8B4
0x0807F91C	thumb	sub_0807F91C
0x0807FA54	thumb	sub_0807FA54
0x0807FAFC	thumb	sub_0807FAFC
0x0807FBAC	thumb	sub_0807FBAC
0x0807FC98	thumb	sub_0807FC98
0x0807FDC8	thumb	sub_0807FDC8
0x0807FE34	thumb	sub_0807FE34
0x0807FF98	thumb	sub_0807FF98
0x080801CC	thumb	sub_080801CC
0x08080248	thumb	sub_08080248
0x08080334	thumb	sub_08080334
0x0808043C	thumb	sub_0808043C
0x0808049C	thumb	sub_0808049C
0x080805AC	thumb	sub_080805AC
0x080807EC	thumb	sub_080807EC
0x08080868	thumb	sub_08080868
0x08080954	thumb	sub_08080954
0x08080A5C	thumb	sub_08080A5C
0x08080ABC	thumb	sub_08080ABC
0x08080BCC	thumb	sub_08080BCC
0x08080C8C	thumb	sub_08080C8C
0x08080D00	thumb	sub_08080D00
0x08080D80	thumb	sub_08080D80
0x08081488	thumb	sub_08081488
0x08081500	thumb	sub_08081500
0x08081650	thumb	sub_08081650
0x080819B0	thumb	sub_080819B0
0x08081A24	thumb	sub_08081A24
0x08081B0C	thumb	sub_08081B0C
0x08081F44	thumb	sub_08081F44
0x08081FA4	thumb	sub_08081FA4
0x0808224C	thumb	sub_0808224C
0x0808263C	thumb	sub_0808263C
0x080826B0	thumb	sub_080826B0
0x08082788	thumb	sub_08082788
0x0808285C	thumb	sub_0808285C
0x080828CC	thumb	sub_080828CC
0x08082BF8	thumb	sub_08082BF8
0x08082C6C	thumb	sub_08082C6C
0x08082D44	thumb	sub_08082D44
0x08082E18	thumb	sub_08082E18
0x08082EA4	thumb	sub_08082EA4
0x08083364	thumb	sub_08083364
0x080833D8	thumb	sub_080833D8
0x080834B0	thumb	sub_080834B0
0x08083584	thumb	sub_08083584
0x08083610	thumb	sub_08083610
0x08083AD0	thumb	sub_08083AD0
0x08083BA0	thumb	sub_08083BA0
0x08083C70	thumb	sub_08083C70
0x08083D40	thumb	sub_08083D40
0x08083E10	thumb	sub_08083E10
0x08083ED0	thumb	sub_08083ED0
0x08083F90	thumb	sub_08083F90
0x08084050	thumb	sub_08084050
0x08084110	thumb	sub_08084110
0x08084168	thumb	sub_08084168
0x080841FC	thumb	sub_080841FC
0x08084298	thumb	sub_08084298
0x08084334	thumb	sub_08084334
0x080843B4	thumb	sub_080843B4
0x08084444	thumb	sub_08084444
0x08084494	thumb	sub_08084494
0x080844C0	thumb	sub_080844C0
0x08084510	thumb	sub_08084510
0x08084584	thumb	sub_08084584
0x08084734	thumb	sub_08084734
0x08084B80	thumb	sub_08084B80
0x08084C48	thumb	sub_08084C48
0x08084DA8	thumb	sub_08084DA8
0x08084EF0	thumb	sub_08084EF0
0x08085010	thumb	sub_08085010
0x0808507C	thumb	sub_0808507C
0x08085204	thumb	sub_08085204
0x0808612C	thumb	sub_0808612C
0x080861BC	thumb	sub_080861BC
0x08086858	thumb	sub_08086858
0x0808692C	thumb	sub_0808692C
0x08086984	thumb	sub_08086984
0x08086A10	thumb	sub_08086A10
0x08086F08	thumb	sub_08086F08
0x08086F68	thumb	sub_08086F68
0x080870B4	thumb	sub_080870B4
0x0808770C	thumb	sub_0808770C
0x080879D8	thumb	sub_080879D8
0x08087AC0	thumb	sub_08087AC0
0x08087B34	thumb	sub_08087B34
0x08087BE8	thumb	sub_08087BE8
0x08087E94	thumb	sub_08087E94
0x08087F0C	thumb	sub_08087F0C
0x0808822C	thumb	sub_0808822C
0x080883D0	thumb	sub_080883D0
0x08088494	thumb	sub_08088494
0x08088538	thumb	sub_08088538
0x08088664	thumb	sub_08088664
0x080886E0	thumb	sub_080886E0
0x080889A8	thumb	sub_080889A8
0x080895A8	thumb	sub_080895A8
0x0808983C	thumb	sub_0808983C
0x08089E0C	thumb	sub_08089E0C
0x0808A640	thumb	sub_0808A640
0x0808A820	thumb	sub_0808A820
0x0808A8CC	thumb	sub_0808A8CC
0x0808A974	thumb	sub_0808A974
0x0808AA2C	thumb	sub_0808AA2C
0x0808AAC8	thumb	sub_0808AAC8
0x0808AB00	thumb	sub_0808AB00
0x0808AB08	thumb	sub_0808AB08
0x0808AB30	thumb	sub_0808AB30
0x0808AB3C	thumb	sub_0808AB3C
0x0808ABAC	thumb	sub_0808ABAC
0x0808AC08	thumb	sub_0808AC08
0x0808AC9C	thumb	sub_0808AC9C
0x0808B008	thumb	sub_0808B008
0x0808B070	thumb	sub_0808B070
0x0808B2B0	thumb	sub_0808B2B0
0x0808B3F8	thumb	sub_0808B3F8
0x0808B6F8	thumb	sub_0808B6F8
0x0808B7DC	thumb	sub_0808B7DC
0x0808B838	thumb	sub_0808B838
0x0808B8C8	thumb	sub_0808B8C8
0x0808BBF0	thumb	sub_0808BBF0
0x0808BC58	thumb	sub_0808BC58
0x0808BE34	thumb	sub_0808BE34
0x0808BF38	thumb	sub_0808BF38
0x0808C1E4	thumb	sub_0808C1E4
0x0808C2F8	thumb	sub_0808C2F8
0x0808C498	thumb	sub_0808C498
0x0808C810	thumb	sub_0808C810
0x0808C874	thumb	sub_0808C874
0x0808CA20	thumb	sub_0808CA20
0x0808CC08	thumb	sub_0808CC08
0x0808CEAC	thumb	sub_0808CEAC
0x0808CF40	thumb	sub_0808CF40
0x0808D014	thumb	sub_0808D014
0x0808D4EC	thumb	sub_0808D4EC
0x0808D564	thumb	sub_0808D564
0x0808D8D0	thumb	sub_0808D8D0
0x0808D9D4	thumb	sub_0808D9D4
0x0808DC80	thumb	sub_0808DC80
0x0808DDC4	thumb	sub_0808DDC4
0x0808DEE0	thumb	sub_0808DEE0
0x0808DFB0	thumb	sub_0808DFB0
0x0808E09C	thumb	sub_0808E09C
0x0808E0F4	thumb	sub_0808E0F4
0x0808E188	thumb	sub_0808E188
0x0808E4CC	thumb	sub_0808E4CC
0x0808E52C	thumb	sub_0808E52C
0x0808E75C	thumb	sub_0808E75C
0x0808E8E0	thumb	sub_0808E8E0
0x0808E990	thumb	sub_0808E990
0x0808EEEC	thumb	sub_0808EEEC
0x0808EFDC	thumb	sub_0808EFDC
0x0808F0C0	thumb	sub_0808F0C0
0x0808F174	thumb	sub_0808F174
0x0808F248	thumb	sub_0808F248
0x0808F318	thumb	sub_0808F318
0x0808F3DC	thumb	sub_0808F3DC
0x0808F474	thumb	sub_0808F474
0x0808F4B0	thumb	sub_0808F4B0
0x0808F4E8	thumb	sub_0808F4E8
0x0808F5DC	thumb	sub_0808F5DC
0x0808F924	thumb	sub_0808F924
0x0808FC64	thumb	sub_0808FC64
0x080903EC	thumb	sub_080903EC
0x08090BEC	thumb	sub_08090BEC
0x08090CFC	thumb	sub_08090CFC
0x08091338	thumb	sub_08091338
0x0809143C	thumb	sub_0809143C
0x08091538	thumb	sub_08091538
0x08091BA8	thumb	sub_08091BA8
0x08091D10	thumb	sub_08091D10
0x08091F14	thumb	sub_08091F14
0x08092050	thumb	sub_08092050
0x08092288	thumb	sub_08092288
0x0809237C	thumb	sub_0809237C
0x08092478	thumb	sub_08092478
0x0809258C	thumb	sub_0809258C
0x08092684	thumb	sub_08092684
0x080926F0	thumb	sub_080926F0
0x08092904	thumb	sub_08092904
0x08092C58	thumb	sub_08092C58
0x08092D4C	thumb	sub_08092D4C
0x08092DFC	thumb	sub_08092DFC
0x08092F1C	thumb	sub_08092F1C
0x08093038	thumb	sub_08093038
0x08093418	thumb	sub_08093418
0x08093458	thumb	sub_08093458
0x080934A8	thumb	sub_080934A8
0x080934C8	thumb	sub_080934C8
0x08093510	thumb	sub_08093510
0x08093528	thumb	sub_08093528
0x08093564	thumb	sub_08093564
0x080935BC	thumb	sub_080935BC
0x080935E0	thumb	sub_080935E0
0x08093638	thumb	sub_08093638
0x08093648	thumb	sub_08093648
0x0809366C	thumb	sub_0809366C
0x08093684	thumb	sub_08093684
0x080936A8	thumb	sub_080936A8
0x080936CC	thumb	sub_080936CC
0x0809373C	thumb	sub_0809373C
0x08093764	thumb	sub_08093764
0x080937B8	thumb	sub_080937B8
0x08093848	thumb	sub_08093848
0x080938B0	thumb	sub_080938B0
0x080938F0	thumb	sub_080938F0
0x0809392C	thumb	sub_0809392C
0x08093994	thumb	sub_08093994
0x08093AC4	thumb	sub_08093AC4
0x08093D28	thumb	sub_08093D28
0x08093EC0	thumb	sub_08093EC0
0x080941A0	thumb	sub_080941A0
0x080943A8	thumb	sub_080943A8
0x08094630	thumb	sub_08094630
0x080946C0	thumb	sub_080946C0
0x08094724	thumb	sub_08094724
0x080947B0	thumb	sub_080947B0
0x080947FC	thumb	sub_080947FC
0x0809480C	thumb	sub_0809480C
0x08094818	thumb	sub_08094818
0x08094844	thumb	sub_08094844
0x08094878	thumb	sub_08094878
0x080948CC	thumb	sub_080948CC
0x08094958	thumb	sub_08094958
0x080949DC	thumb	sub_080949DC
0x08094A4C	thumb	sub_08094A4C
0x08094CC8	thumb	sub_08094CC8
0x08094EF4	thumb	sub_08094EF4
0x08094FC8	thumb	sub_08094FC8
0x080950DC	thumb	sub_080950DC
0x08095BD0	thumb	sub_08095BD0
0x080960A8	thumb	sub_080960A8
0x0809622C	thumb	sub_0809622C
0x08096380	thumb	sub_08096380
0x080963EC	thumb	sub_080963EC
0x08096680	thumb	sub_08096680
0x08096764	thumb	sub_08096764
0x0809690C	thumb	sub_0809690C
0x08096BEC	thumb	sub_08096BEC
0x08096D18	thumb	sub_08096D18
0x08096E64	thumb	sub_08096E64
0x08096F1C	thumb	sub_08096F1C
0x0809702C	thumb	sub_0809702C
0x080971E4	thumb	sub_080971E4
0x08097264	thumb	sub_08097264
0x080972BC	thumb	sub_080972BC
0x08097368	thumb	sub_08097368
0x0809741C	thumb	sub_0809741C
0x0809752C	thumb	sub_0809752C
0x08097690	thumb	sub_08097690
0x0809799C	thumb	sub_0809799C
0x08097CA4	thumb	sub_08097CA4
0x08097EAC	thumb	sub_08097EAC
0x080981A8	thumb	sub_080981A8
0x080984AC	thumb	sub_080984AC
0x0809874C	thumb	sub_0809874C
0x08098A70	thumb	sub_08098A70
0x08098E8C	thumb	sub_08098E8C
0x080992A0	thumb	sub_080992A0
0x080993E4	thumb	sub_080993E4
0x08099844	thumb	sub_08099844
0x080998D8	thumb	sub_080998D8
0x08099AD8	thumb	sub_08099AD8
0x08099B84	thumb	sub_08099B84
0x08099E84	thumb	sub_08099E84
0x08099EFC	thumb	sub_08099EFC
0x0809A010	thumb	sub_0809A010
0x0809A124	thumb	sub_0809A124
0x0809A23C	thumb	sub_0809A23C
0x0809A354	thumb	sub_0809A354
0x0809A3F8	thumb	sub_0809A3F8
0x0809A4A4	thumb	sub_0809A4A4
0x0809A554	thumb	sub_0809A554
0x0809A5F4	thumb	sub_0809A5F4
0x0809A698	thumb	sub_0809A698
0x0809A748	thumb	sub_0809A748
0x0809A854	thumb	sub_0809A854
0x0809A960	thumb	sub_0809A960
0x0809AA7C	thumb	sub_0809AA7C
0x0809AB98	thumb	sub_0809AB98
0x0809ADDC	thumb	sub_0809ADDC
0x0809AF24	thumb	sub_0809AF24
0x0809AF84	thumb	sub_0809AF84
0x0809AFB4	thumb	sub_0809AFB4
0x0809AFF4	thumb	sub_0809AFF4
0x0809B030	thumb	sub_0809B030
0x0809B078	thumb	sub_0809B078
0x0809B09C	thumb	sub_0809B09C
0x0809B0CC	thumb	sub_0809B0CC
0x0809B0F0	thumb	sub_0809B0F0
0x0809B130	thumb	sub_0809B130
0x0809B18C	thumb	sub_0809B18C
0x0809B200	thumb	sub_0809B200
0x0809B214	thumb	sub_0809B214
0x0809B280	thumb	sub_0809B280
0x0809B2DC	thumb	sub_0809B2DC
0x0809B2F8	thumb	sub_0809B2F8
0x0809B350	thumb	sub_0809B350
0x0809B3A4	thumb	sub_0809B3A4
0x0809B3E0	thumb	sub_0809B3E0
0x0809B434	thumb	sub_0809B434
0x0809B488	thumb	sub_0809B488
0x0809B4E0	thumb	sub_0809B4E0
0x0809B508	thumb	sub_0809B508
0x0809B5A0	thumb	sub_0809B5A0
0x0809B5C0	thumb	sub_0809B5C0
0x0809B5E4	thumb	sub_0809B5E4
0x0809B64C	thumb	sub_0809B64C
0x0809B688	thumb	sub_0809B688
0x0809B6D4	thumb	sub_0809B6D4
0x0809B720	thumb	sub_0809B720
0x0809B738	thumb	sub_0809B738
0x0809B750	thumb	sub_0809B750
0x0809B7CC	thumb	sub_0809B7CC
0x0809B848	thumb	sub_0809B848
0x0809B8EC	thumb	sub_0809B8EC
0x0809BABC	thumb	sub_0809BABC
0x0809BBB4	thumb	sub_0809BBB4
0x0809C7CC	thumb	sub_0809C7CC
0x0809D69C	thumb	sub_0809D69C
0x0809D7B8	thumb	sub_0809D7B8
0x0809D858	thumb	sub_0809D858
0x0809D934	thumb	sub_0809D934
0x0809DA98	thumb	sub_0809DA98
0x0809DB30	thumb	sub_0809DB30
0x0809DB8C	thumb	sub_0809DB8C
0x0809DD48	thumb	sub_0809DD48
0x0809DDC0	thumb	sub_0809DDC0
0x0809DE98	thumb	sub_0809DE98
0x0809E0D4	thumb	sub_0809E0D4
0x0809E204	thumb	sub_0809E204
0x0809E3EC	thumb	sub_0809E3EC
0x0809E4A0	thumb	sub_0809E4A0
0x0809E568	thumb	sub_0809E568
0x0809E6DC	thumb	sub_0809E6DC
0x0809E7BC	thumb	sub_0809E7BC
0x0809EB1C	thumb	sub_0809EB1C
0x0809EBF4	thumb	sub_0809EBF4
0x0809ECCC	thumb	sub_0809ECCC
0x0809ED68	thumb	sub_0809ED68
0x0809F008	thumb	sub_0809F008
0x0809F0F0	thumb	sub_0809F0F0
0x0809F1D8	thumb	sub_0809F1D8
0x0809F534	thumb	sub_0809F534
0x0809F688	thumb	sub_0809F688
0x0809F734	thumb	sub_0809F734
0x0809F7C8	thumb	sub_0809F7C8
0x0809F868	thumb	sub_0809F868
0x0809F9C8	thumb	sub_0809F9C8
0x0809FB0C	thumb	sub_0809FB0C
0x080A00EC	thumb	sub_080A00EC
0x080A0250	thumb	sub_080A0250
0x080A0328	thumb	sub_080A0328
0x080A04E8	thumb	sub_080A04E8
0x080A0570	thumb	sub_080A0570
0x080A0644	thumb	sub_080A0644
0x080A06E0	thumb	sub_080A06E0
0x080A0AD0	thumb	sub_080A0AD0
0x080A1078	thumb	sub_080A1078
0x080A14E0	thumb	sub_080A14E0
0x080A157C	thumb	sub_080A157C
0x080A1860	thumb	sub_080A1860
0x080A195C	thumb	sub_080A195C
0x080A1BB4	thumb	sub_080A1BB4
0x080A1DF4	thumb	sub_080A1DF4
0x080A1E68	thumb	sub_080A1E68
0x080A1F70	thumb	sub_080A1F70
0x080A2004	thumb	sub_080A2004
0x080A20C4	thumb	sub_080A20C4
0x080A21AC	thumb	sub_080A21AC
0x080A224C	thumb	sub_080A224C
0x080A2570	thumb	sub_080A2570
0x080A266C	thumb	sub_080A266C
0x080A2718	thumb	sub_080A2718
0x080A2A94	thumb	sub_080A2A94
0x080A2B28	thumb	sub_080A2B28
0x080A2E18	thumb	sub_080A2E18
0x080A383C	thumb	sub_080A383C
0x080A3BE0	thumb	sub_080A3BE0
0x080A3D38	thumb	sub_080A3D38
0x080A3F3C	thumb	sub_080A3F3C
0x080A406C	thumb	sub_080A406C
0x080A410C	thumb	sub_080A410C
0x080A4358	thumb	sub_080A4358
0x080A4408	thumb	sub_080A4408
0x080A44CC	thumb	sub_080A44CC
0x080A4564	thumb	sub_080A4564
0x080A45A8	thumb	sub_080A45A8
0x080A4600	thumb	sub_080A4600
0x080A4680	thumb	sub_080A4680
0x080A4694	thumb	sub_080A4694
0x080A46D4	thumb	sub_080A46D4
0x080A4710	thumb	sub_080A4710
0x080A4724	thumb	sub_080A4724
0x080A475C	thumb	sub_080A475C
0x080A47B4	thumb	sub_080A47B4
0x080A47D0	thumb	sub_080A47D0
0x080A4844	thumb	sub_080A4844
0x080A4890	thumb	sub_080A4890
0x080A48B0	thumb	sub_080A48B0
0x080A4918	thumb	sub_080A4918
0x080A49A4	thumb	sub_080A49A4
0x080A49E8	thumb	sub_080A49E8
0x080A4A3C	thumb	sub_080A4A3C
0x080A4A74	thumb	sub_080A4A74
0x080A4AD4	thumb	sub_080A4AD4
0x080A4B2C	thumb	sub_080A4B2C
0x080A4B7C	thumb	sub_080A4B7C
0x080A4BEC	thumb	sub_080A4BEC
0x080A4C3C	thumb	sub_080A4C3C
0x080A4C98	thumb	sub_080A4C98
0x080A4D08	thumb	sub_080A4D08
0x080A4D48	thumb	sub_080A4D48
0x080A4D94	thumb	sub_080A4D94
0x080A4E00	thumb	sub_080A4E00
0x080A4E7C	thumb	sub_080A4E7C
0x080A4EB4	thumb	sub_080A4EB4
0x080A4EE4	thumb	sub_080A4EE4
0x080A4F74	thumb	sub_080A4F74
0x080A4FBC	thumb	sub_080A4FBC
0x080A50F4	thumb	sub_080A50F4
0x080A5170	thumb	sub_080A5170
0x080A53AC	thumb	sub_080A53AC
0x080A54FC	thumb	sub_080A54FC
0x080A5518	thumb	sub_080A5518
0x080A5564	thumb	sub_080A5564
0x080A55A0	thumb	sub_080A55A0
0x080A55B8	thumb	sub_080A55B8
0x080A5614	thumb	sub_080A5614
0x080A5678	thumb	sub_080A5678
0x080A56A0	thumb	sub_080A56A0
0x080A56C8	thumb	sub_080A56C8
0x080A5704	thumb	sub_080A5704
0x080A573C	thumb	sub_080A573C
0x080A5780	thumb	sub_080A5780
0x080A57A4	thumb	sub_080A57A4
0x080A57F4	thumb	sub_080A57F4
0x080A582C	thumb	sub_080A582C
0x080A586C	thumb	sub_080A586C
0x080A5880	thumb	sub_080A5880
0x080A58C4	thumb	sub_080A58C4
0x080A58E8	thumb	sub_080A58E8
0x080A5924	thumb	sub_080A5924
0x080A598C	thumb	sub_080A598C
0x080A59E8	thumb	sub_080A59E8
0x080A5A3C	thumb	sub_080A5A3C
0x080A5AB8	thumb	sub_080A5AB8
0x080A5B04	thumb	sub_080A5B04
0x080A5B64	thumb	sub_080A5B64
0x080A5BBC	thumb	sub_080A5BBC
0x080A5C14	thumb	sub_080A5C14
0x080A5CA0	thumb	sub_080A5CA0
0x080A5CEC	thumb	sub_080A5CEC
0x080A5D58	thumb	sub_080A5D58
0x080A5DB0	thumb	sub_080A5DB0
0x080A5E28	thumb	sub_080A5E28
0x080A5E9C	thumb	sub_080A5E9C
0x080A5F48	thumb	sub_080A5F48
0x080A5FC8	thumb	sub_080A5FC8
0x080A601C	thumb	sub_080A601C
0x080A6084	thumb	sub_080A6084
0x080A6154	thumb	sub_080A6154
0x080A620C	thumb	sub_080A620C
0x080A62DC	thumb	sub_080A62DC
0x080A6340	thumb	sub_080A6340
0x080A63AC	thumb	sub_080A63AC
0x080A649C	thumb	sub_080A649C
0x080A6524	thumb	sub_080A6524
0x080A6588	thumb	sub_080A6588
0x080A6600	thumb	sub_080A6600
0x080A66AC	thumb	sub_080A66AC
0x080A67D8	thumb	sub_080A67D8
0x080A6954	thumb	sub_080A6954
0x080A6974	thumb	sub_080A6974
0x080A69D8	thumb	sub_080A69D8
0x080A6A30	thumb	sub_080A6A30
0x080A6A4C	thumb	sub_080A6A4C
0x080A6A64	thumb	sub_080A6A64
0x080A6A7C	thumb	sub_080A6A7C
0x080A6AA0	thumb	sub_080A6AA0
0x080A6AC4	thumb	sub_080A6AC4
0x080A6AF0	thumb	sub_080A6AF0
0x080A6B20	thumb	sub_080A6B20
0x080A6B5C	thumb	sub_080A6B5C
0x080A6BB4	thumb	sub_080A6BB4
0x080A6BE4	thumb	sub_080A6BE4
0x080A6C24	thumb	sub_080A6C24
0x080A6C60	thumb	sub_080A6C60
0x080A6CA0	thumb	sub_080A6CA0
0x080A6CE0	thumb	sub_080A6CE0
0x080A6D0C	thumb	sub_080A6D0C
0x080A6D3C	thumb	sub_080A6D3C
0x080A6D90	thumb	sub_080A6D90
0x080A6DE0	thumb	sub_080A6DE0
0x080A6E1C	thumb	sub_080A6E1C
0x080A6E3C	thumb	sub_080A6E3C
0x080A6E6C	thumb	sub_080A6E6C
0x080A6E9C	thumb	sub_080A6E9C
0x080A6F10	thumb	sub_080A6F10
0x080A6F30	thumb	sub_080A6F30
0x080A6F60	thumb	sub_080A6F60
0x080A6F90	thumb	sub_080A6F90
0x080A6FDC	thumb	sub_080A6FDC
0x080A700C	thumb	sub_080A700C
0x080A707C	thumb	sub_080A707C
0x080A70CC	thumb	sub_080A70CC
0x080A7130	thumb	sub_080A7130
0x080A7150	thumb	sub_080A7150
0x080A718C	thumb	sub_080A718C
0x080A71B8	thumb	sub_080A71B8
0x080A7228	thumb	sub_080A7228
0x080A7270	thumb	sub_080A7270
0x080A7290	thumb	sub_080A7290
0x080A72CC	thumb	sub_080A72CC
0x080A72EC	thumb	sub_080A72EC
0x080A731C	thumb	sub_080A731C
0x080A735C	thumb	sub_080A735C
0x080A73AC	thumb	sub_080A73AC
0x080A73DC	thumb	sub_080A73DC
0x080A7418	thumb	sub_080A7418
0x080A7448	thumb	sub_080A7448
0x080A7478	thumb	sub_080A7478
0x080A74AC	thumb	sub_080A74AC
0x080A74F8	thumb	sub_080A74F8
0x080A7550	thumb	sub_080A7550
0x080A758C	thumb	sub_080A758C
0x080A75AC	thumb	sub_080A75AC
0x080A75EC	thumb	sub_080A75EC
0x080A7620	thumb	sub_080A7620
0x080A7670	thumb	sub_080A7670
0x080A76B8	thumb	sub_080A76B8
0x080A7704	thumb	sub_080A7704
0x080A7740	thumb	sub_080A7740
0x080A7760	thumb	sub_080A7760
0x080A77D0	thumb	sub_080A77D0
0x080A7804	thumb	sub_080A7804
0x080A7824	thumb	sub_080A7824
0x080A783C	thumb	sub_080A783C
0x080A7870	thumb	sub_080A7870
0x080A78B8	thumb	sub_080A78B8
0x080A7900	thumb	sub_080A7900
0x080A7950	thumb	sub_080A7950
0x080A7988	thumb	sub_080A7988
0x080A79C0	thumb	sub_080A79C0
0x080A79D8	thumb	sub_080A79D8
0x080A7D8C	thumb	sub_080A7D8C
0x080A7E74	thumb	sub_080A7E74
0x080A8030	thumb	sub_080A8030
0x080A809C	thumb	sub_080A809C
0x080A812C	thumb	sub_080A812C
0x080A82A4	thumb	sub_080A82A4
0x080A8364	thumb	sub_080A8364
0x080A83C8	thumb	sub_080A83C8
0x080A8448	thumb	sub_080A8448
0x080A84AC	thumb	sub_080A84AC
0x080A856C	thumb	sub_080A856C
0x080A86C8	thumb	sub_080A86C8
0x080A87CC	thumb	sub_080A87CC
0x080A8924	thumb	sub_080A8924
0x080A8AC4	thumb	sub_080A8AC4
0x080A8BF8	thumb	sub_080A8BF8
0x080A8DAC	thumb	sub_080A8DAC
0x080A90AC	thumb	sub_080A90AC
0x080A93AC	thumb	sub_080A93AC
0x080A93C4	thumb	sub_080A93C4
0x080A93D4	thumb	sub_080A93D4
0x080A93EC	thumb	sub_080A93EC
0x080A944C	thumb	sub_080A944C
0x080A9494	thumb	sub_080A9494
0x080A94DC	thumb	sub_080A94DC
0x080A9520	thumb	sub_080A9520
0x080A954C	thumb	sub_080A954C
0x080A957C	thumb	sub_080A957C
0x080A95A8	thumb	sub_080A95A8
0x080A9618	thumb	sub_080A9618
0x080A9654	thumb	sub_080A9654
0x080A9DCC	thumb	sub_080A9DCC
0x080AA124	thumb	sub_080AA124
0x080AA220	thumb	sub_080AA220
0x080AA2CC	thumb	sub_080AA2CC
0x080AA374	thumb	sub_080AA374
0x080AA73C	thumb	sub_080AA73C
0x080AA904	thumb	sub_080AA904
0x080AB1A4	thumb	sub_080AB1A4
0x080AB2D0	thumb	sub_080AB2D0
0x080AB2DC	thumb	sub_080AB2DC
0x080AB330	thumb	sub_080AB330
0x080AB378	thumb	sub_080AB378
0x080AB3D8	thumb	sub_080AB3D8
0x080AB428	thumb	sub_080AB428
0x080AB478	thumb	sub_080AB478
0x080AB4A8	thumb	sub_080AB4A8
0x080AB51C	thumb	sub_080AB51C
0x080AB5B8	thumb	sub_080AB5B8
0x080AB69C	thumb	sub_080AB69C
0x080AB7B0	thumb	sub_080AB7B0
0x080AB940	thumb	sub_080AB940
0x080ABA58	thumb	sub_080ABA58
0x080ABB40	thumb	sub_080ABB40
0x080ABBF0	thumb	sub_080ABBF0
0x080ABF34	thumb	sub_080ABF34
0x080AC0F8	thumb	sub_080AC0F8
0x080AC1FC	thumb	sub_080AC1FC
0x080AC30C	thumb	sub_080AC30C
0x080AC3C8	thumb	sub_080AC3C8
0x080AC5C4	thumb	sub_080AC5C4
0x080AC80C	thumb	sub_080AC80C
0x080AC9AC	thumb	sub_080AC9AC
0x080ACA78	thumb	sub_080ACA78
0x080ACD1C	thumb	sub_080ACD1C
0x080ACE58	thumb	sub_080ACE58
0x080AD10C	thumb	sub_080AD10C
0x080AD194	thumb	sub_080AD194
0x080AD204	thumb	sub_080AD204
0x080AD328	thumb	sub_080AD328
0x080AD480	thumb	sub_080AD480
0x080AD604	thumb	sub_080AD604
0x080AD7B8	thumb	sub_080AD7B8
0x080AD948	thumb	sub_080AD948
0x080ADAAC	thumb	sub_080ADAAC
0x080ADC84	thumb	sub_080ADC84
0x080ADDE8	thumb	sub_080ADDE8
0x080ADFC8	thumb	sub_080ADFC8
0x080AE0DC	thumb	sub_080AE0DC
0x080AE29C	thumb	sub_080AE29C
0x080AE3D4	thumb	sub_080AE3D4
0x080AE464	thumb	sub_080AE464
0x080AE540	thumb	sub_080AE540
0x080AE858	thumb	sub_080AE858
0x080AE97C	thumb	sub_080AE97C
0x080AEC94	thumb	sub_080AEC94
0x080AEDE0	thumb	sub_080AEDE0
0x080AF0BC	thumb	sub_080AF0BC
0x080AF1CC	thumb	sub_080AF1CC
0x080AF334	thumb	sub_080AF334
0x080AF364	thumb	sub_080AF364
0x080AF38C	thumb	sub_080AF38C
0x080AF3CC	thumb	sub_080AF3CC
0x080AF404	thumb	sub_080AF404
0x080AF41C	thumb	sub_080AF41C
0x080AF46C	thumb	sub_080AF46C
0x080AF4AC	thumb	sub_080AF4AC
0x080AF514	thumb	sub_080AF514
0x080AF52C	thumb	sub_080AF52C
0x080AF584	thumb	sub_080AF584
0x080AF6A4	thumb	sub_080AF6A4
0x080AF6FC	thumb	sub_080AF6FC
0x080AF828	thumb	sub_080AF828
0x080AF8B4	thumb	sub_080AF8B4
0x080AFA90	thumb	sub_080AFA90
0x080AFCC4	thumb	sub_080AFCC4
0x080AFD60	thumb	sub_080AFD60
0x080B097C	thumb	sub_080B097C
0x080B0A74	thumb	sub_080B0A74
0x080B0FD8	thumb	sub_080B0FD8
0x080B153C	thumb	sub_080B153C
0x080B1CE8	thumb	sub_080B1CE8
0x080B1DA4	thumb	sub_080B1DA4
0x080B1E74	thumb	sub_080B1E74
0x080B2104	thumb	sub_080B2104
0x080B2204	thumb	sub_080B2204
0x080B239C	thumb	sub_080B239C
0x080B245C	thumb	sub_080B245C
0x080B25A4	thumb	sub_080B25A4
0x080B266C	thumb	sub_080B266C
0x080B2744	thumb	sub_080B2744
0x080B2804	thumb	sub_080B2804
0x080B2A50	thumb	sub_080B2A50
0x080B2E14	thumb	sub_080B2E14
0x080B3044	thumb	sub_080B3044
0x080B3128	thumb	sub_080B3128
0x080B3134	thumb	sub_080B3134
0x080B3178	thumb	sub_080B3178
0x080B31F4	thumb	sub_080B31F4
0x080B3270	thumb	sub_080B3270
0x080B32BC	thumb	sub_080B32BC
0x080B3340	thumb	sub_080B3340
0x080B3384	thumb	sub_080B3384
0x080B33D0	thumb	sub_080B33D0
0x080B3400	thumb	sub_080B3400
0x080B3440	thumb	sub_080B3440
0x080B3558	thumb	sub_080B3558
0x080B35B0	thumb	sub_080B35B0
0x080B36DC	thumb	sub_080B36DC
0x080B3768	thumb	sub_080B3768
0x080B38AC	thumb	sub_080B38AC
0x080B3940	thumb	sub_080B3940
0x080B39E4	thumb	sub_080B39E4
0x080B40E0	thumb	sub_080B40E0
0x080B41D8	thumb	sub_080B41D8
0x080B4424	thumb	sub_080B4424
0x080B4560	thumb	sub_080B4560
0x080B46A4	thumb	sub_080B46A4
0x080B47A8	thumb	sub_080B47A8
0x080B482C	thumb	sub_080B482C
0x080B48C0	thumb	sub_080B48C0
0x080B4970	thumb	sub_080B4970
0x080B497C	thumb	sub_080B497C
0x080B49C0	thumb	sub_080B49C0
0x080B4A0C	thumb	sub_080B4A0C
0x080B4A90	thumb	sub_080B4A90
0x080B4AD4	thumb	sub_080B4AD4
0x080B4B20	thumb	sub_080B4B20
0x080B4B6C	thumb	sub_080B4B6C
0x080B4C64	thumb	sub_080B4C64
0x080B4CD4	thumb	sub_080B4CD4
0x080B4D48	thumb	sub_080B4D48
0x080B4E08	thumb	sub_080B4E08
0x080B4EF0	thumb	sub_080B4EF0
0x080B5340	thumb	sub_080B5340
0x080B54B0	thumb	sub_080B54B0
0x080B5588	thumb	sub_080B5588
0x080B55D4	thumb	sub_080B55D4
0x080B5644	thumb	sub_080B5644
0x080B575C	thumb	sub_080B575C
0x080B5B04	thumb	sub_080B5B04
0x080B5E1C	thumb	sub_080B5E1C
0x080B63C0	thumb	sub_080B63C0
0x080B6448	thumb	sub_080B6448
0x080B6494	thumb	sub_080B6494
0x080B6568	thumb	sub_080B6568
0x080B65D8	thumb	sub_080B65D8
0x080B6648	thumb	sub_080B6648
0x080B6748	thumb	sub_080B6748
0x080B68EC	thumb	sub_080B68EC
0x080B6A6C	thumb	sub_080B6A6C
0x080B6AB8	thumb	sub_080B6AB8
0x080B6AE0	arm	sub_080B6AE0
0x080B6B7C	arm	sub_080B6B7C
0x080B6BBC	thumb	sub_080B6BBC
0x080B6CE0	arm	sub_080B6CE0
0x080B6D84	arm	sub_080B6D84
0x080B6DA4	arm	sub_080B6DA4
0x080B6DB4	arm	sub_080B6DB4
0x080B6DE4	arm	sub_080B6DE4
0x080B6E7C	thumb	sub_080B6E7C
0x080B70C4	thumb	sub_080B70C4
